,D1_pbf,D1_analf,D1_negros,D1_obitos_viol,D1_risco_amb,D2_sem_saneam,D2_sem_lixo,D2_sem_esf,D2_evasao_em,D2_sem_creche,D3_entidades,D4_mae_adol,D5_menor1,D5_adol,D5_mif,D5_idosos
DEMO_001,0.4307614954928518,0.19228411098680254,0.5933819542543967,0.07670996097658082,0.12464205390975178,0.34294248820626905,0.1668255292301437,0.09093619467782812,0.06641697756718713,0.048761170263055584,30.668003020390387,0.19894426291251802,0.07968346933034091,0.32825767077606494,0.10445944357856292,0.12128948479585201
DEMO_002,0.4261380816517112,0.118825584248832,0.2266795598916664,0.3895440290349952,0.20492322747761577,0.006593699139500044,0.13372156957043074,0.021799732103189876,0.02499689827423109,0.06779129451065419,62.00685364859309,0.33828856759190673,0.048520692961472746,0.04185905216367864,0.5571804771181681,0.4080916328595994
DEMO_003,0.6259977720320861,0.5236959091002181,0.11479353614277975,0.025506023922386364,0.5408340009271011,0.05080848535590621,0.11459011985866939,0.1422310937451821,0.2897262007359495,0.10927256910563282,24.662389755048316,0.5702005783765975,0.06020253499082607,0.15011669615030346,0.6103727639551286,0.6344827465764254
DEMO_004,0.2130255731261982,0.1280858917925784,0.018253080210380516,0.07875159029299547,0.15752490728959498,0.3347800961019236,0.17455237160982984,0.6464538830082098,0.18291861839071386,0.24073010060490121,42.735223742126095,0.11774699762084545,0.07970452819369625,0.20516746527058988,0.25247260317802844,0.29670349154019715
DEMO_005,0.43660442105425273,0.2056705874169621,0.07806310972083647,0.026661763026505386,0.3066289213149171,0.26612008058700626,0.11085655290349572,0.5733543617533282,0.09661110413794533,0.18867766437377287,47.431862241196505,0.18376717036303558,0.01627652266383111,0.4040883156552028,0.6988740742460517,0.05051252832014594
DEMO_006,0.3407259111450389,0.32740479253227933,0.19754793515038838,0.15915074541790977,0.10655965652471318,0.20697248258059533,0.23824037205937942,0.6082611437907219,0.01430738981850469,0.06957472815310667,74.26084041902895,0.19661908007061285,0.03433601483823284,0.9565079303227481,0.4851383497011621,0.22184447695208845
DEMO_007,0.17704753574421772,0.1277178547570553,0.13292618724403046,0.16878286359368574,0.29138201645965395,0.19082289002421382,0.18064935370291701,0.19145298784574394,0.1284741511331768,0.10087981086181098,45.62558232612757,0.026009539910364223,0.02051026926154211,0.26363171986717976,0.5323233140863414,0.17177971736943276
DEMO_008,0.22370360570505696,0.23257122572785893,0.06418854316185878,0.030935684044826207,0.2341400315712306,0.07951905422218457,0.16291872312139263,0.32243595621300214,0.23816288246026357,0.056016327913657966,23.353920930845355,0.08983057087984148,0.041269676479450866,0.1828171025716327,0.6133866182038313,0.30202967308461504
DEMO_009,0.3436950867207833,0.247439611234433,0.23694907545929145,0.10208089189205886,0.14686667254487928,0.10242435302634788,0.04639158749225741,0.16057763692213026,0.07630773731170803,0.16746415491618527,49.60695923808842,0.3712513965270534,0.018533925265275267,0.1307190498069479,0.6567095907935465,0.2583720345568319
DEMO_010,0.16946126175415877,0.18358210077612858,0.3234099701403379,0.07638935638862436,0.13574639025898239,0.39538132583467434,0.024043678434583785,0.4359143244715662,0.08758159955615837,0.11587053241550946,27.156491643650895,0.19117036894076345,0.012742507789115655,0.01833366991170175,0.4863179638259171,0.027758274711390345
DEMO_011,0.33544005807402644,0.3006107441438255,0.16981822156095133,0.1765797187197401,0.23798136561824854,0.16332315935989372,0.05074620010686595,0.06393230572897257,0.09627744751933497,0.055261855583539514,16.64968254380467,0.32021297135440124,0.07365398851557058,0.593983917075684,1.0,0.04561580376006289
DEMO_012,0.7915331953676636,0.2130894082830213,0.24740883433906574,0.3525455034906193,0.33801198493943874,0.07494213582865093,0.18773322456173036,0.30366392543004467,0.1238562357660319,0.06919428068246986,38.45536186424882,0.13241903154523435,0.06086694462040973,0.1650214510412446,0.44227554112205536,0.18367359270483982
DEMO_013,0.2902130946994323,0.06727033002955665,0.14415905739769416,0.1330153857329365,0.0477193285534906,0.17738472748192047,0.16048330561729315,0.2948210320396493,0.23583349786494737,0.12036888392504465,8.203845051030306,0.12010259498382925,0.03168426960954948,0.2713519230750748,0.2946826688397871,0.24169411183296646
DEMO_014,0.3915945577806763,0.5981457018704565,0.5620923782154471,0.23058969980875835,0.10411284116926219,0.03373497471635405,0.036892999631936894,0.04990953793975625,0.22936208197238625,0.09421520474570573,21.99425292191481,0.15923340046804152,0.010745511259725041,0.3036918119845097,0.703510451193541,0.3745685496507317
DEMO_015,0.30267341938287473,0.028256997557660486,0.13715928758454332,0.10089357578058389,0.0742097716862378,0.21683821584888424,0.18634406485285077,0.15671424989585503,0.19794537956912905,0.2629210331287206,10.805215275938952,0.34375862578194527,0.005893746877443606,0.3062917572741747,0.3936419992749845,0.34947551244319097
DEMO_016,0.12076008779600654,0.3006095813024754,0.07642045656479546,0.03128201561739064,0.24273499025472417,0.3763974992282628,0.08253540190257379,0.31261243721798476,0.01936782829716695,0.11022701503035291,51.71128225329921,0.3566388924876697,0.05181069151943493,0.34810590271521596,0.5359683881469711,0.4458291384714492
DEMO_017,1.0,0.348238168350934,0.30853648847874715,0.15265557004961441,0.09702523231290004,0.20955260118801308,0.08264070369470722,0.21656065642706987,0.032088508260898034,0.03628811295815349,18.188064855954348,0.12678518296027308,0.01854306707258711,0.08179302027202877,1.0,0.2637247337902552
DEMO_018,0.5355184196020066,0.19535617331256716,0.1787627980942889,0.25895719265249784,0.09262168004859653,0.31106121653664903,0.3088968857737132,0.9185936375247199,0.1355840636930535,0.1516252807311771,46.62012521665893,0.17847600694614804,0.018931930432570382,0.08103593718761033,0.5998263802074736,0.30265134054881504
DEMO_019,0.06319433268624756,0.14569726623278004,0.07093894804450261,0.06674468495535243,0.2961048787308118,0.3497782946351766,0.15265791936285453,0.016011153045090896,0.14298709426622122,0.14142351471624703,42.100296016179975,0.23115058323965673,0.0465232358722633,0.19560221032020894,0.0837505303945998,0.49284742356313405
DEMO_020,0.3622803546367104,0.059226528981554775,0.20496367899067033,0.2577892113862606,0.5520039928445166,0.13927437471998125,0.17503720653220278,0.7435332702748982,0.13625967036084327,0.1532180351267491,26.20264615800254,0.2148790909068333,0.007801406767479346,0.07221734846594903,0.3529547725855799,0.2906909188872648
DEMO_021,0.18621494167063846,0.20003838145979513,0.11558895885669936,0.22646114707126175,0.028374141749743575,0.25634360252824434,0.1766908389822221,0.07563977639179298,0.1152998834972676,0.20609983029347437,37.35461098542473,0.27028872879430466,0.006122406937383342,0.15689135796876952,0.22838870647049778,0.24402674539035998
DEMO_022,0.144064899471597,0.0861732626504588,0.1700621695573899,0.07264778278777662,0.09158789942876945,0.07829271577944844,0.036095297094071714,0.3333798485345042,0.05615386197147537,0.07581577051690264,57.88628388982529,0.38697254269349074,0.010838260633261137,0.3636298071993951,0.5216126683356191,0.39635678211126407
DEMO_023,0.35859974041102904,0.10401027255135487,0.42195249390380946,0.0667429166847956,0.2585448440203749,0.12398294806416349,0.18255492903227233,0.6129968840013729,0.06992292897190393,0.229267081451864,19.251951202107062,0.3068311817492662,0.00988328025818517,0.25435620836275985,0.7830934166927889,0.3225469922639214
DEMO_024,0.2189535025733839,0.1381312712548952,0.19296119627553254,0.1102393357794757,0.20746749562113032,0.22290767153015364,0.5812735665940337,0.14591812096149534,0.04489492036100157,0.08889474377491373,9.211301031785853,0.14532776210145043,0.013299223318582156,0.2703578145082772,0.8267976262330667,0.44157392223877806
DEMO_025,0.6204377574571095,0.02296663970628983,0.1415168404194961,0.4788583968573314,0.48639400222797907,0.14823497257528492,0.054833653306017464,0.11790741516810169,0.10417042274504362,0.15329146408329902,41.677044532392465,0.15083159896675055,0.02985316127102104,0.3267835468276058,0.12669273256608837,0.1844012948072476
DEMO_026,0.1635574034606367,0.3391451365668029,0.2540106586389738,0.10568174939097262,0.421886491376932,0.17974920697507146,0.25275288993964334,0.11576731247679646,0.1075167663656064,0.2062077497314364,67.57791203031277,0.14670383598082065,0.03065488570991348,0.0678682210025451,0.8672411916516398,0.11608467083014243
DEMO_027,0.2199014495763851,0.18729064227305553,0.14044231157367848,0.0571360119130089,0.19117700707987365,0.291243205885599,0.2712892490662513,1.0,0.0661536104923526,0.03779602521586104,44.223363908239044,0.3933653549349103,0.036869193325999396,0.2609438423639382,0.3417832704921311,0.08066712788202127
DEMO_028,0.12611661811415725,0.17827657449085932,0.1980352141800743,0.13471359576004885,0.6485715115990122,0.13756469960698423,0.2685008613969592,0.5285065587927922,0.2612432734283642,0.10079736645388782,53.448583813426715,0.45783674059671825,0.024294667168043182,0.11856856808395705,0.43443570507885443,0.16905213126290955
DEMO_029,0.3281797614342141,0.6996935473624522,0.27258009445478604,0.03836877866946734,1.0,0.03827129077064044,0.093771447538776,0.5801900240232781,0.12412171690886399,0.20400802959688746,43.87282181983424,0.4180639518104691,0.022640294379923664,0.27418393986956996,0.8960190666179728,0.33949527654718603
DEMO_030,0.2586762313787729,0.1330267044161166,0.03199152679771312,0.10014390192051638,0.4519291181331522,0.12105907865915776,0.11372373405942932,0.34762800249362047,0.16974854031135558,0.04013810530942313,9.01534890490612,0.4225757248447157,0.0402588737924782,0.07829831052674685,0.2023022144107909,0.795912146904695
DEMO_031,0.4088452371200479,0.26511188636019306,0.07061401857988371,0.2413501770233493,0.14996847548138928,0.1130978087159653,0.05558113937505565,0.7032483814021653,0.03203534645294608,0.16075787196495675,25.457407743709762,0.23019732187693037,0.032372377401476506,0.06749218237629709,1.0,0.15386479708640774
DEMO_032,0.12137096590767554,0.14463923412314875,0.27608148909865976,0.2753771547227179,0.6132761047744785,0.32542432352220163,0.14259930464697032,1.0,0.15388978373791184,0.054612120379857104,22.42505185700871,0.308737744719412,0.018638227151507765,0.3732182577927884,0.09515863367111457,0.07428209196909724
DEMO_033,0.2267593440580017,0.265429554903264,0.014470631857419173,0.13131791582088403,0.2883720956605487,0.2523745644896587,0.36254101751010326,0.25011117187030807,0.0606750628385061,0.12158251649906329,37.24436978372937,0.04297822109161546,0.015200952347786179,0.1657369229535007,0.3613744057095385,0.1864606224670286
DEMO_034,0.5704123862842216,0.03690524944930878,0.21270170546109288,0.05466920709863733,0.38750451503714317,0.05200796650217596,0.083687777164138,0.5223918098874484,0.1366464197446731,0.03264765551114932,43.47566488917534,0.26344780645660737,0.014780425256040406,0.1436488808801263,0.37360680082401326,0.15180145345720514
DEMO_035,0.40342474010631996,0.3742491098492038,0.4679012145724937,0.06821448962326856,0.22164073375598944,0.19427072047713556,0.019079891987645,0.8276242294754081,0.13391471841220315,0.1049183002563982,40.800982179598776,0.04391975982959495,0.04189926265925936,0.13679523316034078,0.7284078058750665,0.22740493785733729
DEMO_036,0.26226259455201373,0.447517344264968,0.2167541507907026,0.4784453799262347,0.2704857388529544,0.06268587880912381,0.1544198284492676,0.41402866180988424,0.026599533145981475,0.05976373284906903,57.48485724262869,0.15491251313029508,0.03785320046635421,0.4824706962776475,0.39247058718900585,0.395487395843789
DEMO_037,0.5677289781168359,0.08804190748949225,0.4220399772081435,0.04486691148660648,0.4666822292825428,0.11911687070410529,0.27245093008502497,0.275039574603588,0.05405351249696402,0.23489579909924374,26.708596780807678,0.19247425858038056,0.010706857358273794,0.1895510989388853,0.517152631758398,0.5531456111934032
DEMO_038,0.6222821288991193,0.1569733823931381,0.12308035649253078,0.10209744053662757,0.08208201649062037,0.07479382640741866,0.1234683506302655,0.9261969488796773,0.18644945160422322,0.10082866253070051,63.19029218495392,0.4571596281507294,0.00814939888816032,0.06141708366294783,0.23178080459551914,0.4964657185879585
DEMO_039,0.07844595091224561,0.07652746830742717,0.49172153307133204,0.06470226207089064,0.4878960023435937,0.06551654586083278,0.45087014896777344,0.19487888298478395,0.11673086803609756,0.09373559441948358,10.231794220381598,0.3107237874228011,0.07929768134485944,0.3665718111155927,0.21695755054224905,0.2700983972799227
DEMO_040,0.23096340327183704,0.2167262571805405,0.2841075977698923,0.023923821595420742,0.10516507472627191,0.12101025283909626,0.13045541078547976,1.0,0.2519306231795775,0.1264759528275969,40.13074317386407,0.0675117078083531,0.013291375438892597,0.3588155203183613,0.7273560130043049,0.13783667069946265
DEMO_041,0.3858703546013331,0.13345267576266395,0.2159391202544174,0.05577561637936332,0.3407406727333078,0.03854411686935186,0.15155639907723006,0.776221487366767,0.2003313601955142,0.1698286259088008,15.133895462574396,0.3216511225693105,0.026363570847422496,0.4366320477098305,1.0,0.05253277121083082
DEMO_042,0.11017577872690305,0.31031438551572427,0.0832319752739481,0.23389601293395854,0.07571408127618919,0.3706719951456252,0.06024588527060636,1.0,0.09318852404476374,0.11473633711760449,12.662070793396964,0.3065978693089054,0.013920886308405036,0.146330858985981,1.0,0.3721439601619044
DEMO_043,0.5414555348876507,0.08661946227560638,0.41349024903087905,0.05263452900917938,0.0824889229474605,0.0523983815821431,0.11570898880081947,0.34635700547115256,0.047953361657296675,0.12085307079700319,64.63438642387524,0.3535192777634884,0.03439419798704251,0.15078862013356456,1.0,0.08615012146039121
DEMO_044,0.33306260854908754,0.07496010465265922,0.10092241697124336,0.08015010082743736,0.24869291793328263,0.13195783221559015,0.2659966656273634,0.4377219296375865,0.18603624993963927,0.054059211535413126,24.587438469620604,0.10646119458313333,0.004985606888327989,0.057640598336086236,0.31565963367616134,0.31664365788936916
DEMO_045,0.46949131820644036,0.3627430672117752,0.1973791609487589,0.031403056937223985,0.23967037605403038,0.07384527373167685,0.26870200422151397,0.27905955388184983,0.11641791471370087,0.2833890839096275,35.03015501043026,0.3074080281729899,0.045135802901095076,0.4934613976495109,0.1240562368857101,0.14190876267431324
DEMO_046,0.40404010837620064,0.08035308493404816,0.05182590747725028,0.06801158322168094,0.1626685529370823,0.2683021631910984,0.34273589199574483,0.22203839757197408,0.34524489290461297,0.05149941465282856,93.22562203201986,0.442329994997254,0.009990971233806151,0.1678749608583794,0.627267367468209,0.17925153211190456
DEMO_047,0.27086635950030064,0.0944808259247257,0.16609744095385431,0.1329665742381946,0.03633193296261134,0.06076634375671204,0.2538951060699688,0.10344939625255765,0.26584379032444044,0.081331100929962,20.43720389047286,0.1661105377021057,0.008277177222709617,0.12002845963957266,0.48993534639912195,0.02244255978485972
DEMO_048,0.0244905241201192,0.08032916638232003,0.284751804913017,0.30870804599752916,0.1878018762432764,0.07533277270081806,0.2155486396497886,0.5356000634656213,0.04558670226987432,0.2363117417544508,74.75185035965369,0.34006136069829385,0.07254105836362756,0.29192344637308953,0.4635261491491046,0.21306183445390192
DEMO_049,0.34192673020067177,0.1728617615587732,0.12898344972515993,0.05285969783117451,0.1704450035315104,0.07131035932093227,0.01780341757611689,0.19736642161078377,0.056875306720076,0.12042822151957747,18.155776667966975,0.3958931901999987,0.025684847975979325,0.19327441888920835,1.0,0.11578209573619413
DEMO_050,0.42686128239222143,0.09139635538610721,0.13718463853818352,0.28868476588439057,0.1347176010486228,0.12848042985628194,0.07539126235655515,0.6401682356107666,0.12063199827830165,0.12460533338786305,29.679549570773833,0.1027755537645696,0.05506890808901802,0.1722976314435027,0.841306930995767,0.05164519944447694
DEMO_051,0.6092837693656542,0.08154363284074773,0.08370368419197685,0.12951464681036487,0.2823290995390808,0.2391854271129389,0.6568782810406146,0.2616195667916294,0.11661516695207916,0.40473220942607485,18.30376618167838,0.016532949258040386,0.03285773533422333,0.28528936251606835,0.29090816878223713,0.06795583515920857
DEMO_052,0.5376781969870876,0.13497036547599314,0.15277018691441324,0.12122784633604837,0.2699592700643487,0.1359194310953192,0.09839588563714316,0.3719126848223535,0.08744204898339347,0.11377710032510281,36.448571386611874,0.2295256901697454,0.007027292594894379,0.22477844911225103,0.02229982763954127,0.2809972707497969
DEMO_053,0.4423031774883792,0.3135978519451727,0.1973819786280605,0.23166480539526235,0.3547318350584394,0.013050883657865496,0.23876026473669443,0.38132770599105603,0.19657581109033279,0.1458013659227449,25.948070770110103,0.15336666643445085,0.022083097190086505,0.49654977512308274,0.8697875255644962,0.09710941856401015
DEMO_054,0.07529055298591453,0.7277610812296249,0.4446641313598358,0.23402276667541827,0.7583708034859501,0.10941878646977164,0.14146969829160788,0.15207859855546033,0.0826975486397214,0.12261895008089,21.717630709186313,0.207589153946734,0.06876992847787841,0.5185319221059228,1.0,0.5889677144599152
DEMO_055,0.3054156335038014,0.11442294691314539,0.017682352444754936,0.19338167269580667,0.10841863940481815,0.006554303638229112,0.24319975777721178,0.5179717768770096,0.13299827877201273,0.08073843208343061,26.488439732011056,0.19616790123272942,0.005767235856137397,0.16591802342600367,0.7534378619046168,0.1967972545053911
DEMO_056,0.3719849185722517,0.06473216052487518,0.09979552901236355,0.32649514460961043,0.2534346040646752,0.08744381517971664,0.15665196753318722,0.552798294830079,0.2552659916721504,0.1041011725489463,65.76765533429736,0.29559012999402934,0.011380551069287818,0.3562594490939448,0.19794370073008444,0.2933450276735819
DEMO_057,0.6053156896930219,0.07126817640560615,0.3458469212093782,0.15318511712590574,0.14629409116308129,0.30391835925202776,0.06423406231938526,0.16741691209025333,0.36181373685123375,0.04426876600938844,97.07460353147384,0.1514621801358338,0.08828271626891937,0.07890171740113174,0.612917782696903,0.35030293549299485
DEMO_058,0.33689607887596884,0.019820473726755408,0.0695669850966175,0.13233304472672341,0.2594344524725585,0.38219236249899013,0.07862948323509752,0.9936609196053667,0.13341264849492634,0.18586090583273024,22.087438578203315,0.04165107825713542,0.029862871120486946,0.12830960242324732,0.33403747858369326,0.33148216893903415
DEMO_059,0.46986897836552555,0.14706036194460767,0.17231886069500213,0.2978282702018457,0.19218907929721687,0.18645885454401645,0.1928089663799636,0.25962824504130244,0.13253661302393124,0.09182999542256826,65.3971678630563,0.3205296954691555,0.04565391771500659,0.3869571647134839,0.699807368549145,0.3124881088580363
DEMO_060,0.536519966316263,0.490817437801815,0.5954815450040546,0.05934785473660463,0.8175156119168001,0.19476339356676087,0.10141675825509384,0.12609075854675653,0.3055687265348196,0.30169641968824307,17.234250634098437,0.1909892397633409,0.02754970668688072,0.3791428547128197,0.3304342493181388,0.21605021056471654
DEMO_061,0.07430210155637886,0.17265065385721456,0.28668319421446425,0.02338284170813668,0.30325836426096103,0.22538006107653025,0.0189182250854951,0.39725678939761155,0.03223751177984213,0.38708571273832276,43.41354340196722,0.3710758930799736,0.05413752445359856,0.3350173112789065,0.6978412233150475,0.0803266090229704
DEMO_062,0.5193269546976731,0.1611310235746586,0.5127553642535447,0.11642844185851182,0.09586257889390484,0.3389153234340203,0.21803455023933072,0.4165219540487128,0.062467130729706985,0.3813299329101536,25.118146028861425,0.09350524189893572,0.013399787764568601,0.2130213976397771,0.3561030986849998,0.2533408261312857
DEMO_063,0.13593199801010564,0.2788371971239562,0.4131302847704877,0.5288633565518194,0.2470517111660888,0.383235788916211,0.3015957334196347,0.5185208855110741,0.23568460213182346,0.021529215153465106,33.90455282209919,0.2779599341462607,0.06077128244740698,0.144693252322926,0.14605450537433415,0.035173877301340174
DEMO_064,0.5097023318312952,0.09446876216824107,0.14305999851108364,0.14565499200049328,0.16054101349381375,0.024838043852785874,0.28469284990177995,0.5908038734491612,0.16397715933930176,0.12642804439864586,30.429776554376016,0.9389728406307418,0.009811378204206335,0.21254981311360185,0.6492310317848127,0.07777296453770147
DEMO_065,0.21900543879932075,0.10698165628966523,0.44622867815625106,0.2805934436559003,0.41755540207899927,0.10270783342397648,0.2888177085109319,0.14919991789784962,0.15669550765100337,0.27361815567788383,22.718562813859002,0.1287822357952396,0.11136772064132305,0.15867270676917283,0.22995374186800066,0.24085947268058278
DEMO_066,0.490428032591784,0.10136610118485637,0.13029494813339978,0.12024722227179398,0.45876742512456326,0.20830627459946577,0.036577426459693335,0.3453524885131741,0.25496397953375133,0.039339514170638724,7.246568339869693,0.03705499051990645,0.045337549712556685,0.24194036894676324,0.937075941820743,0.7976619796969745
DEMO_067,0.4103534185326633,0.2727283566633309,0.23739325015283336,0.3040210122437175,0.3569094937628488,0.31573788297402294,0.4306711669141862,0.2813820653102056,0.2523081838838818,0.03977095168835323,48.79715821451524,0.5782075765698851,0.0247609646848551,0.1421581777021695,0.6018950000555972,0.021224704082210392
DEMO_068,0.15934697139307363,0.08257511402922643,0.07308269399258595,0.2274240562590235,0.39113529540736414,0.23540189097914502,0.13374627105574474,0.6538037124164009,0.06894771933881931,0.09132944068060471,42.995436690248184,0.11977907311764985,0.01906909046319547,0.1804057592771325,0.09561727101050055,0.02151897337538748
DEMO_069,0.1432328790747563,0.11562038218325006,0.7297617427121867,0.04711250036629741,0.4142208745969869,0.5031862489629447,0.06981215330360867,0.13870199721915655,0.2318213272260731,0.11846553180989228,65.34281050382268,0.3040798685702984,0.001981681184487546,0.12714542021002567,0.5599712270401275,0.12734773098904184
DEMO_070,0.11921244168729667,0.16045528505676696,0.10471151743698355,0.3056645404531528,0.19014024035348268,0.3543304123171094,0.10594496639460523,0.40963179257183024,0.14230620211950581,0.10898713504009053,55.3179518941946,0.2424185589548769,0.047526394003185916,0.027706637735094214,0.1681094657639457,0.04546784388439366
DEMO_071,0.8687805285989072,0.0726681957818458,0.046899967302068246,0.1277490824943237,0.39312597929065646,0.39011841516316625,0.08379759920012592,0.1377340836387171,0.08739344682333129,0.28217493136700394,18.769255061978022,0.25116607934729474,0.021265296715151268,0.21634203313518433,0.2575393939816411,0.1630514660077466
DEMO_072,0.31960868684390936,0.1940849907957577,0.30240057293729483,0.14207257652468502,0.2520335824893917,0.19636812609048282,0.05014799501872607,0.08976839852395846,0.1664222439316356,0.15935586156557524,21.689980003146687,0.11197524859694115,0.04826676734154272,0.25184043375673176,0.5661598779788032,0.12344429953202096
DEMO_073,0.23604885745494497,0.21656295846742124,0.213394467213133,0.10624833619095998,0.8484448611232422,0.09089635430638918,0.14755498339802642,0.05782824707979185,0.26374977888298046,0.07206245627152942,20.82667030888289,0.018692755461824515,0.03547695930087545,0.08211841727298436,0.9425176704239097,0.1721567491594063
DEMO_074,0.45559728605520056,0.2675718236200298,0.1852154166547214,0.2070457524689815,0.09591560092832004,0.14840634899493116,0.16839278968103755,0.3996625194095651,0.03726488712448634,0.10617782113302639,35.19584231676494,0.1565153366255339,0.0330687193461445,0.037754161010934546,1.0,0.3298869654526213
DEMO_075,0.11466237586973238,0.5025819031516975,0.13463170217590956,0.07039421369764857,0.2563274184737721,0.06926848447417089,0.1279491997830691,0.8641492744164188,0.0354233104523636,0.31807020578498757,8.187421437196999,0.06841946059603893,0.01980033043774599,0.4248912868180053,0.5756524683161783,0.619146685670048
DEMO_076,0.20294355925636678,0.35224605599643377,0.18147681253661552,0.06805049590126747,0.17711405344486045,0.06936371415308314,0.1676962949749113,0.264103587870617,0.07060376624742616,0.3532406134233353,34.6226303988859,0.4121553466287364,0.025690494253151275,0.028374450118722465,0.07905997708926381,0.17039940974203205
DEMO_077,0.15069924417214997,0.22840297436727752,0.11241578028515559,0.17525238271455906,0.7019319559851266,0.28639337107407087,0.13086797511198908,0.09763729178025965,0.30748464816126597,0.09068992242431403,42.942958188568575,0.2368394206048483,0.05189093915314398,0.1404087711537901,0.6984258859624884,0.18737511475684437
DEMO_078,0.9547663518037143,0.1113804577621182,0.1272133545852237,0.12064601965005314,0.2040331005281113,0.1412279127448238,0.08269641956968393,0.0960253336989958,0.21948258330841675,0.08386040942875543,18.440228611978235,0.26942754206084313,0.01565394863435212,0.23337522134551866,0.08079744348980779,0.11949103692187302
DEMO_079,0.37639657244771085,0.1289922293219936,0.11949480228877858,0.08400176706109001,0.18355903607791124,0.03582224254605999,0.09416167350998231,1.0,0.10024619549403355,0.11073965271007584,47.70114520437481,0.17023167034927744,0.02581760839567962,0.14070587004085408,0.8170786290761689,0.21033540570416184
DEMO_080,0.3329289165981597,0.2830205142916839,0.2953342394637641,0.11334400341494615,0.2948712047107719,0.2271104522736289,0.21411839651687,0.17112545616243074,0.05511347320851768,0.10121231168071015,98.06448352052524,0.07046967639505688,0.03492247176269291,0.028899471245578207,0.34330846899667916,0.31050362768738526
DEMO_081,0.2758850386490793,0.15562603541346975,0.49528390015234414,0.12310632455963187,0.3913456247775112,0.18718827177329223,0.04060667286263689,0.21171256409972813,0.20607705212070385,0.10587732562018419,38.22747926848219,0.1455710464859642,0.011433539294068587,0.614048786957419,0.13339836950325532,0.7305666762695278
DEMO_082,0.39675358747130585,0.082874540626112,0.3035651005758022,0.12787745011174623,0.0869012910434497,0.3110081585053651,0.09766099221153726,0.41825980977857846,0.10494586841189504,0.005392929319873347,42.47808953625489,0.0806592081363575,0.13495945230678294,0.2651245198704897,0.28249122072339894,0.09678933826796815
DEMO_083,0.5357288975943545,0.13760424425072415,0.1846670455226861,0.3898206204804487,0.13661606127968595,0.0831353434545319,0.2806879965991151,0.7121025041655662,0.3293654094251845,0.1795647977992279,34.1204514469849,0.25293955677597907,0.026941694475110457,0.24488311566582174,0.31936153927763544,0.41395267519829393
DEMO_084,0.39030938575193885,0.32152920204510554,0.3492753420817918,0.09303338869782442,0.045403628697383326,0.1730047572702894,0.17606094643467024,0.5701340134930447,0.023020566049078383,0.06658056462850731,10.732101580539226,0.0492118605187146,0.017177471823198256,0.35846255985114023,0.18588503343912977,0.19483705655770275
DEMO_085,0.30185222479054896,0.19685678296688303,0.1875034959821208,0.3221106898651659,0.47282620193675895,0.9523050557831324,0.23254319085560857,0.29625172850000564,0.1610230776931728,0.2674135847244087,59.06823522040771,0.2584817482757056,0.003270253298779837,0.4942932363177635,0.130303650049059,0.14265848539266643
DEMO_086,0.3622048365705042,0.21003978753647173,0.13273899226840577,0.2154808731356794,0.47034021366259793,0.18402327428433346,0.14889028051362277,0.4039344771446367,0.1378219125893936,0.05948856481659042,32.52202283249608,0.32332229105972415,0.030381655939055396,0.8598912097290616,0.20471239934878457,0.45119751664383756
DEMO_087,0.3802989643435337,0.07655000277591192,0.29262649940155394,0.3443811960071567,0.18214416108543444,0.17266595984880956,0.05380566052734536,0.4559212751492502,0.30787672728654825,0.02156687964327188,43.992270143041466,0.42266253721016506,0.0021246567181763894,0.18556427795206287,0.16921230440945237,0.05007479099029628
DEMO_088,0.5967045970144145,0.24120878213277053,0.6302370656501308,0.04238220201218699,0.22720830266008202,0.23485026869954934,0.10939745549099056,0.32448785462619334,0.08470765575773966,0.03187996537011618,36.4669152823666,0.09842644238143212,0.007965275105415809,0.08896373194934067,0.6891308004982516,0.20345501030894103
DEMO_089,0.11291419203913039,0.18291119816845175,0.634844780851387,0.15163075002995174,0.23886593420360036,0.09108691011936532,0.16234228939275835,0.5049768248456855,0.1474881321338375,0.08823521189105726,31.843445790874018,0.10861513546798925,0.0351028380822082,0.17909676731882385,0.5284466000798146,0.22493715612586626
DEMO_090,0.8022719113361041,0.36061400958762846,0.12194075134987968,0.22873705405783934,0.9449205231647893,0.33081414072190474,0.10931398592940629,0.1308251282058876,0.00402372097348409,0.17782315892585554,26.947834419136647,0.03626357922950436,0.025146433558127047,0.08869321520796486,0.31741321753765456,0.015360488025824922
DEMO_091,0.3766999939464162,0.060934807212703224,0.2806240035967895,0.0019027995135039947,0.11011038703670727,0.47239439749991385,0.13065427951988604,0.2884917547839536,0.4701192398592778,0.14934276774332525,38.29114224957782,0.0720415753887742,0.008786174253079577,0.0337020770212852,0.5608132270041083,0.29915225001115575
DEMO_092,0.1172165724394017,0.1801647035956896,0.22064878259046006,0.271789670076044,0.33549768400286145,0.1622214950188149,0.16955194876488255,0.20282184759162503,0.1051792731779346,0.6078030962521523,43.030677786353486,0.12238872846309835,0.04917407392688227,0.4701455767030951,1.0,0.0379966307706173
DEMO_093,0.3562994136824169,0.4512897790061954,0.4743643684138686,0.09845196069831595,0.1545893717242269,0.06618793050248203,0.27086086359131795,0.7963613235140916,0.09935089276507368,0.15743258148567713,51.4336269108261,0.19311571639296932,0.11740891099600687,0.2052747897005074,0.24690487850487466,0.23565925672590637
DEMO_094,0.3787967785454822,0.1327996745344496,0.3414921817062636,0.039809929959468034,0.35574221284645674,0.07949007272389971,0.10398348159142251,1.0,0.05739495675528274,0.06474276832471935,18.306168653784777,0.16097751021986426,0.04187064917298223,0.14883259451524308,0.4236056256793646,0.025146845454371295
DEMO_095,0.7607847153256317,0.017892200546207892,0.07086669534864225,0.11094377177370587,0.3336127648264425,0.14793304887087394,0.3217600770466529,0.22812372911386614,0.21771733992624456,0.13299632358280625,20.60016367709687,0.4674002833561094,0.029966380996022546,0.04170328043581741,0.23291244583534826,0.2547466501355409
DEMO_096,0.00899542070088817,0.30540723138890286,0.05539563337825387,0.05891259844937637,0.36144044613982196,0.34103842755564595,0.14915325993416625,0.24084376467399293,0.16692063080326697,0.04362703763285313,20.448218802345394,0.18693333022825717,0.0018743910234770092,0.15992996159167108,0.8346268119186783,0.30006774848146744
DEMO_097,0.0658384358712577,0.09076415003159463,0.33839824895409965,0.2833357901091235,0.8180588080188672,0.24870974585633743,0.28927464065792696,0.3009223815103121,0.243970492760849,0.17044710625211398,16.937629279912244,0.41690528794139664,0.03769204932888885,0.16055046094735928,0.13371407304822575,0.3502485167119037
DEMO_098,0.378649312098037,0.5689506691671595,0.26095756307531864,0.19230059001377098,0.0701869280449933,0.3389230238410399,0.3161590647657074,0.9668417760369604,0.05764775683664437,0.20733473721580603,30.86689015379731,0.3163733717723399,0.019092061301520948,0.14847706434990735,0.5420161295532243,0.1607316590161886
DEMO_099,0.12701867127509878,0.05981386437790546,0.20401389186356556,0.0616633497387115,0.6490914751713003,0.061865866976851626,0.4487289218420559,0.6556767596553019,0.05745983571762689,0.1890764176220572,30.162578872379385,0.24480904126511993,0.08203925782050515,0.4814841266716626,0.4046324825260772,0.20316500574949944
DEMO_100,1.0,0.022759991074148007,0.1336186405347212,0.3785080068010255,0.023802966439713292,0.18048552558721087,0.3045026159070251,0.10160333625002811,0.10889983428420547,0.16727917980333312,83.13385415558666,0.1133052466895188,0.009022626720230275,0.1583152710473027,0.068126792000075,0.4136063414123714
DEMO_101,0.4391571770498881,0.10226025440143403,0.28524671975316573,0.29509673228074884,0.25000292408115676,0.24298573731013737,0.3068035926658328,0.25753750997846425,0.10190405455346273,0.10025801285575985,40.46424820191335,0.17522067059363067,0.0625587623366668,0.20411897175406182,1.0,0.5105876472115557
DEMO_102,0.3272845628020784,0.07929497176549202,0.2659240209867046,0.10120996429614666,0.10051355688559047,0.3044369694834022,0.4411447242702036,0.4795897324235854,0.08974032663102284,0.02409766020896194,11.121392654931293,0.03651694807514553,0.0009271301653609911,0.02143404288460864,0.19469981192904595,0.41638591576734607
DEMO_103,1.0,0.20851489163925102,0.35855896384980823,0.03620616257737722,0.43779872571689,0.08375967718513355,0.029898936198023907,0.1139331073297466,0.2768120049686004,0.05950474887943142,54.70860483004548,0.5416140649725117,0.00700238159376896,0.2540227538844621,0.888868697132768,0.18691467579400367
DEMO_104,0.2625802648035527,0.01965185736619647,0.08138020119974765,0.1534436554896538,0.21540449733521622,0.4211445617838891,0.06697076845494986,0.911817911441673,0.19376891888421996,0.1868350235907403,35.402858434503244,0.2741998911763804,0.0267525091234179,0.26168885149310384,0.5380197615534728,0.3550928083706685
DEMO_105,0.1925314838807628,0.39580056380828066,0.1042981852407612,0.09001022814329597,0.7530895395787651,0.4667653069380833,0.30027849913827087,0.3864495830160386,0.051100654737460456,0.11415269256754602,31.593408814078728,0.2901330451385358,0.0074579388201057115,0.19087459371158066,0.47419706615793916,0.0923680408798508
DEMO_106,0.20795405845813375,0.175482952579938,0.17213081136034802,0.06791526835860923,0.319947956160124,0.33647716848824727,0.015720665792668523,0.6715925809272196,0.051273084721351746,0.11025535222947216,37.09714341377882,0.10223271421462674,0.022035048378518107,0.5845855453948335,0.09140111894402608,0.07530471591546785
DEMO_107,0.11324274312291259,0.28123172687815784,0.14346129991168483,0.1461593118278053,0.22373548521230927,0.03454278724185086,0.17246278148465255,0.12444914626488378,0.11570843395452292,0.09185719872297636,44.33928864866314,0.2157904307138574,0.02054507364124627,0.12286733609228796,0.5059707612840154,0.19195082658152302
DEMO_108,0.2827166419018216,0.2055421682035343,0.14342257669292832,0.20746120309124197,0.1176623645383028,0.12203734500113386,0.17169114503935445,0.26924258579286364,0.21910542502570704,0.10462044659291586,48.68046892124472,0.19561570934446648,0.07870048371184296,0.2951974892380773,0.07586381899859468,0.2002546676491453
DEMO_109,0.34818591215876304,0.3718594488658632,0.14716912060519183,0.42924801189738093,0.2344515110644923,0.06048502899246636,0.037684755186608326,0.4831140779624812,0.0590621780045261,0.16947900908751226,14.268917634739738,0.31421228624034564,0.031038762954381904,0.13994834357530261,0.2958581451026565,0.17369133684108454
DEMO_110,0.5680853533761995,0.2784244170709951,0.3571585242428168,0.1980631463590944,0.21448464443650359,0.20506763959377028,0.07006133258116667,0.41407365081556646,0.29560083564218814,0.1262052693669174,79.20248046296598,0.2959641111128873,0.01005201567201739,0.24995336339552465,0.11051862472617957,0.22032178746579759
DEMO_111,0.299280792558807,0.02188781775305884,0.02036775889681288,0.045018186353947984,0.6028075266543435,0.0715487284407132,0.24084456316760924,0.15050440311555718,0.27162409476296573,0.22188707051280482,21.284955611397493,0.2678248245901489,0.020717970322150503,0.14226757065477247,0.16554639007456617,0.0636639605230645
DEMO_112,0.21503149939426708,0.24949884006202533,0.15087962712226521,0.1342907647760664,0.5517088796004586,0.1706994643715809,0.2248508692622974,1.0,0.14092103167717182,0.2464429373460909,22.195483184456986,0.28037791117274746,0.03677193689629212,0.2534606463800875,0.19894580524121058,0.16483279762465355
DEMO_113,0.4860266751802688,0.025907359149096882,0.24515574657256495,0.12887341582918332,0.2688368099007332,0.14046457496801573,0.09532882016145355,0.12363440713207918,0.016213710698341714,0.18187943257805558,31.77409737855716,0.16865181832641027,0.04952109009450898,0.09651662461672754,0.8627057014755839,0.3306027392285627
DEMO_114,0.1754601082705714,0.10166813779468574,0.026773550672040337,0.19133999054417344,0.013812855624600405,0.012664434661513336,0.07640649197263008,0.3873989789038963,0.13367534117859742,0.20830889678500808,33.89721262528272,0.09168910095001923,0.04832916272208356,0.19652461359555876,1.0,0.05886642199360479
DEMO_115,0.448456033048108,0.8700690680230783,0.14825055619572525,0.05299032434436789,0.5153409238206131,0.24758451078284438,0.08464298685543709,0.08109041646292728,0.06403600670602667,0.11356815788209268,18.78079384981691,0.12415018166847373,0.03311933085846201,0.4686121278004714,0.5937754058177949,0.4297446384699807
DEMO_116,0.4049442158189507,0.32260285004169537,0.052891657949555596,0.24000343522011258,0.09193713612844764,0.20691603188535074,0.21448928665463024,0.7554258377893455,0.20565186148227416,0.37635188654315055,10.63072161034842,0.2508842377021676,0.0537072478546818,0.1965776188315047,0.5486225566167853,0.042092313142088736
DEMO_117,0.5744121427153664,0.2653576626939011,0.2807849308728571,0.316846825666157,0.1589609220535914,0.10109517805623805,0.0437692370498696,0.45117137715301764,0.04865354596794086,0.17401117458051515,49.6378404117832,0.6725551119915298,0.0018376809668574773,0.28820393360529,0.16885328949024075,0.1498941835380694
DEMO_118,0.11891063829399343,0.18080175516967184,0.09525795970959641,0.10898236778111786,0.3485976284435061,0.27266744168174467,0.15537870105713203,0.4202968785578837,0.08764434615396863,0.012838211299836604,29.515074864581447,0.3652963024038358,0.04870483297121088,0.3524302057877618,0.7981387586605501,0.35046101241451794
DEMO_119,0.2893432956695405,0.049692586953291734,0.10376175383966915,0.24135538699021172,0.14202351277179612,0.0638610765105138,0.04081655737568274,1.0,0.0823235078010828,0.2888021288934059,25.22854941631177,0.3027428112078092,0.021628186327393606,0.1790400037505264,0.7561805817402533,0.24647538473923147
DEMO_120,0.06687004785610529,0.24407008341816067,0.19504064472538368,0.2771482378154093,0.6044311723915815,0.17540755733634178,0.28220209805919466,0.299788372068761,0.22088701544213912,0.28930739102749736,33.016947692665724,0.18061648172263067,0.0460519848732911,0.07413015886656078,0.37232180129683057,0.12068737057212207
DEMO_121,0.2006848059297478,0.18814898145540238,0.08422176304960463,0.14387277318278388,0.3952663774813763,0.08820929371484501,0.1773512623009766,0.8562129451846583,0.1481119621634843,0.1535963023059339,22.584551671215706,0.3481668031176751,0.03485784286769108,0.3636816034878445,0.8323208151959417,0.49212583191235193
DEMO_122,0.5200085635131487,0.0795620380243448,0.6734509008312974,0.3000016191504857,0.0740033671857052,0.4663524741461118,0.3645707804315148,0.26686785958533565,0.08877900916645556,0.02549187516433985,42.80737873909311,0.13079341808369066,0.026327567613105608,0.08652297810462255,0.27812559623154565,0.23740641714697303
DEMO_123,0.4244436785270951,0.026440506296772165,0.18367141914820467,0.11917205327802577,0.3985054274093591,0.118341275376729,0.013423413153525006,0.42830040809908465,0.24491263684419043,0.0737863169872016,10.920313658885313,0.12280061467794394,0.027842662001609463,0.0790924759104314,0.9698037490034885,0.23048598050216898
DEMO_124,0.3181451426274196,0.28532380457688217,0.1615399149143242,0.23702710270199528,0.11264104565341455,0.48951052829654706,0.019807992831413698,0.531143547693686,0.051024365676669736,0.02244032102529374,26.131516985861783,0.1646904654792777,0.02753080077795921,0.33473766738058824,0.2140599098550512,0.07742882631709902
DEMO_125,0.1753260722425174,0.2638935149879455,0.10703357631185449,0.44953668950194553,0.27205181688626007,0.37546233804404583,0.09288178911648809,0.39816214748596146,0.04333994369265417,0.06702268586237431,54.40530810872458,0.351358419555035,0.03342219645563441,0.09421836434149063,0.4547936461801026,0.3897616712591955
DEMO_126,0.22613072537599474,0.1131430026472496,0.18824897847580385,0.3155852629901376,0.18807834233845414,0.02246871543267869,0.4049116652393355,0.22429797272583019,0.04936367819915785,0.12954369629419488,22.768513979280833,0.2109420323578903,0.011390296079110932,0.17189448759294912,0.8103409154235937,0.09874633351362805
DEMO_127,0.35362124150714713,0.051868535106070826,0.056238795668887655,0.210258620986425,0.3091065687629824,0.25075583080005237,0.05649556011690126,1.0,0.3352996409055347,0.12220946974012523,53.00629908633917,0.17111980487227135,0.03254267551791162,0.2670107801685964,0.08938698056045996,0.14795746086430958
DEMO_128,0.2776148150549384,0.3026575581565567,0.15146468163721805,0.4128298900039981,0.48643263877021026,0.20187035362717684,0.3593839859162735,0.23208664091801096,0.0774622221356918,0.3298010932054215,56.26521555594167,0.32535533273711353,0.04185370167368337,0.2982447561043099,0.3031237999688732,0.1646718840587472
DEMO_129,0.5203362705020775,0.08604416434425988,0.07275626179893101,0.09552434212131057,0.606854325949062,0.09542212022602795,0.17294045693945526,0.9590723878640711,0.1810362161265601,0.0913257583059164,47.237099583735734,0.25331608091432817,0.01989115936697694,0.3275686450277572,1.0,0.2572867338444352
DEMO_130,0.13172515761838857,0.04121249643130118,0.25063721872519834,0.17778533897710702,0.19047875414055868,0.12010537481600268,0.171673434234061,0.292981916080474,0.23097044388110013,0.1618898620685275,49.01568052984748,0.53834959805784,0.02387060265090047,0.08985879129722664,0.5019170667928692,0.05429580205270166
DEMO_131,0.09094133302256963,0.049196798414491205,0.2840506492055334,0.10922956898819111,0.3584362284201581,0.20185693461285964,0.24866450983813598,0.12085433509616228,0.19043278473218,0.08491784412564397,7.531678424275368,0.09414038515943268,0.0027603194869899907,0.06456946571581162,0.6769291227464743,0.4366807432044487
DEMO_132,0.3193674537785421,0.06628348584686608,0.2769696702583349,0.26929566104431346,0.37220628548543244,0.3654551317622503,0.06503154999354058,0.14198152183524526,0.3457158639649302,0.18605576341387522,43.7114565338643,0.05600247111713539,0.029772119742775365,0.23087004384780693,0.32993269845903345,0.08884203235167268
DEMO_133,0.14853245845618013,0.047113937243525084,0.29966694986378356,0.05235700929693529,0.12472552755975877,0.04507087483578463,0.0930181430353369,0.2084764719425528,0.13725121426865478,0.1498598994288914,37.84776201871802,0.23931088157437225,0.006204272309562181,0.07343470812199943,0.2864369516071831,0.479699149708603
DEMO_134,0.4269733628739733,0.07046546961942982,0.1540167163898355,0.12334117016134345,0.5597096899751399,0.09615209935034214,0.050535893735265736,0.23990313333521318,0.09718916932933735,0.228336932993852,73.36825038117047,0.27242149178838043,0.030971431313928623,0.22873246959553897,0.3578715272265251,0.13960321623674002
DEMO_135,1.0,0.13142169609518314,0.3938472474567114,0.0570977220805843,0.41387553031257035,0.0631605397596997,0.1657185196608256,0.3990649526156329,0.10757447263348581,0.23908317676138563,41.07087245081443,0.3485258736846879,0.008608748894391758,0.1610236161244887,0.4199056300153286,0.3308667794231635
DEMO_136,0.17817077584422214,0.45171452534465467,0.12478052684719193,0.36918841266855196,0.7581529005688826,0.2740606908838349,0.5024601831500123,0.24381615034959375,0.43960931436283035,0.08974348809296105,13.277052712747913,0.6316001461990673,0.06734485175389915,0.13608809616956374,0.05596519426818123,0.08827475927562889
DEMO_137,0.32315420519984855,0.1361030497867052,0.5521736158429835,0.2591625941227776,0.2263719526497355,0.06974697899871644,0.11369610129702615,0.9366908640982168,0.15171258651956607,0.1079134055922461,37.36006157724254,0.10229485114160178,0.005041581130806142,0.2571704410974912,0.4689950749007299,0.11613792727301768
DEMO_138,0.5228216343555431,0.09261178654438043,0.1550313246488805,0.17867712061714344,0.27271081408675696,0.06228114924921651,0.22048917058237702,0.15054824812687595,0.0738463043859384,0.2813889211744272,43.55656177893725,0.08968679647734655,0.0021895209281167683,0.3320093232723066,0.237879504909645,0.4357272631702096
DEMO_139,0.23013181617660872,0.2481439507969336,0.37966478057348074,0.41643166214591243,0.4587864152766244,0.32226982401333165,0.20112792441991975,1.0,0.05548070998365615,0.1333055558585353,8.29102100863778,0.0857461300055322,0.022895562417614295,0.5955021147536212,0.05057896713917483,0.16513954462445032
DEMO_140,0.47521799996276787,0.2844433288981258,0.21849900556598767,0.15728074640144832,0.19982215148733204,0.08083805587626335,0.17764247170860226,0.5742707703021396,0.07214870259222511,0.03018225870030642,35.45882636079419,0.13217925681360995,0.007848604357775069,0.17523854318609475,0.3868813937757109,0.6164060884991183
DEMO_141,0.4598204904194268,0.004802748993973312,0.08216860093991411,0.047822449007953904,0.5829423382375727,0.1067726801856544,0.13425631415614506,0.2704109841011998,0.2860397651849157,0.027775451472438796,33.34516231621205,0.1528761582054692,0.04986116626410232,0.13951236946766785,0.08294315387028703,0.3275754165107542
