CD_setor,V01006,V01007,V01008,V01009,V01010,V01011,V01012,V01013,V01014,V01015,V01016,V01017,V01018,V01019,V01020,V01021,V01022,V01023,V01024,V01025,V01026,V01027,V01028,V01029,V01030,V01031,V01032,V01033,V01034,V01035,V01036,V01037,V01038,V01039,V01040,V01041
431440705130003,294,117,177,X,9,6,6,10,16,15,15,17,11,11,7,8,7,4,16,19,23,17,36,19,21,8,17,13,10,26,35,38,32,53,30,32
431440705130004,496,239,257,9,23,13,9,29,16,29,29,30,29,23,14,18,11,12,26,14,29,22,34,39,38,23,41,24,21,55,30,58,51,64,68,61
431440705130005,647,310,337,14,19,17,13,20,15,50,50,37,39,36,11,15,17,12,18,21,41,52,48,47,55,25,34,34,25,38,36,91,102,85,86,91
431440705130006,512,233,279,11,12,8,12,12,19,27,38,28,41,25,10,11,12,16,13,16,33,26,40,48,54,21,23,20,28,25,35,60,64,68,89,79
431440705130007,753,355,398,20,27,27,31,21,17,40,51,57,31,33,13,18,19,20,30,23,58,62,57,46,52,33,45,46,51,51,40,98,113,114,77,85
431440705130008,602,284,318,18,16,16,12,22,17,36,40,40,33,34,12,10,13,17,20,13,39,50,38,54,52,30,26,29,29,42,30,75,90,78,87,86
431440705130009,486,230,256,9,10,19,13,12,17,28,40,31,30,21,11,9,15,16,18,17,35,30,34,37,34,20,19,34,29,30,34,63,70,65,67,55
431440705130010,682,327,355,7,17,20,23,27,16,48,36,56,41,36,17,17,15,17,19,18,35,53,52,58,54,24,34,35,40,46,34,83,89,108,99,90
431440705130011,549,252,297,10,11,12,18,17,11,36,30,49,35,23,14,10,9,12,19,18,32,36,59,37,51,24,21,21,30,36,29,68,66,108,72,74
431440705130012,1139,560,579,26,28,39,38,49,38,83,82,91,47,39,30,34,35,32,44,37,83,106,74,55,49,56,62,74,70,93,75,166,188,165,102,88
431440705130014,778,374,404,21,19,30,27,23,20,51,50,45,47,41,13,22,14,14,21,13,59,61,60,65,62,34,41,44,41,44,33,110,111,105,112,103
431440705130015,663,312,351,19,25,16,14,21,29,40,45,38,36,29,19,19,15,23,18,24,50,46,52,40,45,38,44,31,37,39,53,90,91,90,76,74
431440705130016,501,237,264,9,9,7,18,16,15,34,40,30,31,28,10,13,14,15,16,9,29,43,34,37,44,19,22,21,33,32,24,63,83,64,68,72
431440705130017,639,297,342,15,20,15,24,17,19,44,44,43,29,27,15,17,19,19,17,22,42,50,56,44,41,30,37,34,43,34,41,86,94,99,73,68
431440705130018,820,380,440,23,24,14,23,31,26,49,45,64,43,38,17,18,23,22,20,37,40,71,70,64,58,40,42,37,45,51,63,89,116,134,107,96
431440705130019,156,84,72,3,3,6,X,8,4,13,11,18,12,5,3,4,4,6,5,X,10,11,14,9,4,6,7,10,7,13,6,23,22,32,21,9
431440705130020,908,458,450,28,40,32,38,42,24,70,64,57,36,27,20,28,18,29,38,29,67,79,57,55,30,48,68,50,67,80,53,137,143,114,91,57
431440705130021,1060,513,547,44,46,38,36,74,58,84,62,47,20,4,36,40,33,55,62,70,89,65,53,28,16,80,86,71,91,136,128,173,127,100,48,20
431440705130022,1620,762,858,62,60,71,59,69,60,118,88,89,64,22,71,64,57,55,78,74,120,107,115,75,42,133,124,128,114,147,134,238,195,204,139,64
431440705130023,579,255,324,17,12,19,17,28,15,28,41,29,31,18,10,11,25,15,24,21,42,51,39,53,33,27,23,44,32,52,36,70,92,68,84,51
431440705130024,477,207,270,7,12,18,16,10,15,28,29,27,26,19,12,11,11,12,10,26,31,40,36,50,31,19,23,29,28,20,41,59,69,63,76,50
431440705130025,537,216,321,12,10,17,13,17,16,28,26,22,33,22,13,13,20,9,17,16,27,46,38,70,52,25,23,37,22,34,32,55,72,60,103,74
431440705130026,490,201,289,9,8,6,14,11,22,29,26,19,32,25,10,15,15,9,11,18,26,35,31,68,51,19,23,21,23,22,40,55,61,50,100,76
431440705130027,598,239,359,10,9,13,20,24,20,30,30,29,32,22,9,15,20,18,17,26,39,45,51,73,46,19,24,33,38,41,46,69,75,80,105,68
431440705130028,549,220,329,13,15,9,11,15,14,37,31,29,21,25,17,16,21,22,20,17,41,38,41,54,42,30,31,30,33,35,31,78,69,70,75,67
431440705130030,752,355,397,10,22,20,19,25,24,39,48,51,56,41,9,14,17,26,23,21,48,53,69,63,54,19,36,37,45,48,45,87,101,120,119,95
431440705130031,1080,524,556,28,40,21,29,43,24,84,90,67,57,41,28,25,32,21,36,35,95,83,64,78,59,56,65,53,50,79,59,179,173,131,135,100
431440705130032,X,X,X,X,X,X,X,X,X,X,X,X,X,X,X,X,X,X,X,X,X,X,X,X,X,X,X,X,X,X,X,X,X,X,X,X
431440705130033,777,373,404,17,21,28,26,24,28,57,59,55,34,24,24,27,29,22,28,22,58,63,52,39,40,41,48,57,48,52,50,115,122,107,73,64
431440705130034,497,243,254,17,21,22,12,26,12,25,38,31,28,11,10,13,21,21,10,22,47,39,30,28,13,27,34,43,33,36,34,72,77,61,56,24
431440705130035,1043,516,527,33,43,34,35,35,42,87,71,60,50,26,25,37,30,32,38,45,89,68,69,54,40,58,80,64,67,73,87,176,139,129,104,66
431440705130036,972,478,494,24,33,31,35,43,37,81,66,58,47,23,33,30,38,25,36,40,77,71,65,45,34,57,63,69,60,79,77,158,137,123,92,57
431440705130037,675,333,342,20,20,23,23,25,26,36,51,43,37,29,18,16,26,20,25,21,49,48,47,35,37,38,36,49,43,50,47,85,99,90,72,66
431440705130038,486,242,244,15,22,8,6,14,21,30,37,30,34,25,8,14,8,12,18,17,27,36,33,37,34,23,36,16,18,32,38,57,73,63,71,59
431440705130039,915,451,464,38,37,27,40,26,38,96,56,52,23,18,24,33,32,21,28,45,95,66,53,41,26,62,70,59,61,54,83,191,122,105,64,44
431440705130040,672,335,337,19,18,22,21,28,24,44,43,45,43,28,14,19,17,13,27,20,45,42,53,52,35,33,37,39,34,55,44,89,85,98,95,63
431440705130043,813,413,400,29,36,24,42,45,31,47,53,58,27,21,32,21,29,21,46,27,55,53,64,33,19,61,57,53,63,91,58,102,106,122,60,40
431440705130044,892,443,449,34,34,14,36,45,27,56,65,66,34,32,29,21,32,11,47,34,61,71,66,42,35,63,55,46,47,92,61,117,136,132,76,67
431440705130045,1037,508,529,50,42,29,40,45,37,72,68,63,37,25,36,48,35,45,43,40,77,66,58,44,37,86,90,64,85,88,77,149,134,121,81,62
431440705130047,641,317,324,22,18,17,16,17,30,66,38,40,35,18,18,15,21,14,19,31,55,50,35,35,31,40,33,38,30,36,61,121,88,75,70,49
431440705130048,279,136,143,9,11,12,X,4,10,17,23,22,16,10,9,9,5,7,11,8,23,16,23,18,14,18,20,17,9,15,18,40,39,45,34,24
431440705130049,731,359,372,40,44,37,27,34,32,60,35,31,15,4,37,39,28,19,50,35,60,38,40,17,9,77,83,65,46,84,67,120,73,71,32,13
431440705130050,1039,497,542,74,54,52,35,63,49,50,35,54,21,10,68,62,54,42,72,50,62,58,44,19,11,142,116,106,77,135,99,112,93,98,40,21
431440705130051,1095,551,544,64,53,56,52,60,60,89,50,39,20,8,54,49,51,46,54,61,86,59,50,25,9,118,102,107,98,114,121,175,109,89,45,17
431440705130052,590,281,309,26,25,23,22,22,28,38,29,34,29,5,25,34,27,24,26,24,41,44,30,22,12,51,59,50,46,48,52,79,73,64,51,17
431440705130053,742,355,387,25,26,26,35,33,30,62,43,34,32,9,30,27,33,27,42,30,60,40,39,43,16,55,53,59,62,75,60,122,83,73,75,25
431440705130054,901,427,474,29,36,30,34,49,46,64,52,50,25,12,41,27,32,35,53,47,61,52,65,32,29,70,63,62,69,102,93,125,104,115,57,41
431440705130055,673,332,341,29,37,27,26,28,36,32,36,45,21,15,31,28,13,23,41,33,39,45,47,25,16,60,65,40,49,69,69,71,81,92,46,31
431440705130056,613,287,326,20,18,21,24,23,15,47,38,38,34,9,14,30,36,19,26,19,49,40,39,26,28,34,48,57,43,49,34,96,78,77,60,37
431440705130057,582,283,299,13,23,25,28,11,25,43,39,28,37,11,15,14,24,22,28,16,49,41,30,39,21,28,37,49,50,39,41,92,80,58,76,32
431440705130058,589,285,304,18,18,30,25,32,13,29,42,41,24,13,12,22,28,25,23,18,36,51,41,26,22,30,40,58,50,55,31,65,93,82,50,35
431440705130059,725,343,382,19,32,21,35,34,22,53,46,38,22,21,19,31,27,31,30,34,49,48,45,43,25,38,63,48,66,64,56,102,94,83,65,46
431440705130060,912,459,453,26,37,34,43,48,36,61,61,41,41,31,19,33,27,35,31,30,67,58,64,51,38,45,70,61,78,79,66,128,119,105,92,69
431440705130061,521,242,279,13,25,18,23,16,17,37,22,24,32,15,25,17,13,14,24,21,35,32,35,39,24,38,42,31,37,40,38,72,54,59,71,39
431440705130062,668,282,386,20,20,27,24,27,25,45,37,25,17,15,26,35,32,23,26,33,55,41,40,50,25,46,55,59,47,53,58,100,78,65,67,40
431440705130063,371,166,205,5,14,17,19,17,18,15,21,19,14,7,13,10,10,22,12,15,28,25,32,28,10,18,24,27,41,29,33,43,46,51,42,17
431440705130064,558,237,321,22,25,23,14,14,19,40,36,17,20,7,22,29,23,20,17,22,53,42,29,41,23,44,54,46,34,31,41,93,78,46,61,30
431440705130065,627,277,350,30,18,20,19,23,27,39,31,32,28,10,19,25,26,16,26,27,47,42,46,51,25,49,43,46,35,49,54,86,73,78,79,35
431440705130067,726,339,387,24,28,28,28,23,27,47,36,54,30,14,19,29,26,24,29,37,50,45,62,41,25,43,57,54,52,52,64,97,81,116,71,39
431440705130069,585,261,324,8,13,13,10,22,10,40,38,36,41,30,19,15,22,11,23,12,47,37,47,46,45,27,28,35,21,45,22,87,75,83,87,75
431440705130070,329,154,175,5,12,6,3,11,6,18,10,18,25,40,3,6,6,6,5,12,13,18,28,22,56,8,18,12,9,16,18,31,28,46,47,96
431440705130072,512,246,266,8,12,14,7,21,15,38,29,44,34,24,7,7,13,16,19,15,27,42,43,39,38,15,19,27,23,40,30,65,71,87,73,62
431440705130074,741,354,387,14,18,22,21,25,24,41,40,61,48,40,10,10,18,16,22,14,30,55,77,48,87,24,28,40,37,47,38,71,95,138,96,127
431440705130076,695,292,403,12,15,16,19,16,12,46,47,41,35,33,10,15,19,19,27,20,48,50,71,56,68,22,30,35,38,43,32,94,97,112,91,101
431440705130077,582,268,314,10,17,24,10,16,14,26,38,48,26,39,5,12,11,16,11,15,38,44,42,53,67,15,29,35,26,27,29,64,82,90,79,106
431440705130078,616,283,333,18,22,15,17,19,15,32,51,26,35,33,7,20,18,11,14,10,41,59,39,44,70,25,42,33,28,33,25,73,110,65,79,103
431440705130079,441,202,239,5,10,10,24,19,14,29,24,31,26,10,11,10,14,14,19,17,20,32,44,28,30,16,20,24,38,38,31,49,56,75,54,40
431440705130080,532,258,274,7,20,12,14,25,23,27,39,38,33,20,13,13,16,14,20,14,27,44,45,34,34,20,33,28,28,45,37,54,83,83,67,54
431440705130081,X,X,X,X,X,X,X,X,X,X,X,X,X,X,X,X,X,X,X,X,X,X,X,X,X,X,X,X,X,X,X,X,X,X,X,X
431440705130083,569,254,315,7,14,9,17,19,16,23,26,46,48,29,14,13,11,20,19,14,33,35,49,58,49,21,27,20,37,38,30,56,61,95,106,78
431440705130084,447,210,237,11,7,9,17,12,11,27,22,28,33,33,6,10,10,10,15,5,30,33,34,40,44,17,17,19,27,27,16,57,55,62,73,77
431440705130085,314,125,189,7,6,13,4,17,8,29,21,9,10,X,8,6,10,13,11,17,33,43,19,18,11,15,12,23,17,28,25,62,64,28,28,12
431440705130086,635,290,345,6,18,20,23,21,13,17,42,48,31,51,4,14,24,18,19,18,17,75,49,50,57,10,32,44,41,40,31,34,117,97,81,108
431440705130087,273,103,170,5,3,9,7,11,12,11,20,9,10,6,6,3,8,12,18,11,16,32,29,20,15,11,6,17,19,29,23,27,52,38,30,21
431440705130089,171,77,94,X,4,7,10,5,7,10,10,13,4,5,X,X,4,4,9,X,8,16,23,13,11,4,6,11,14,14,9,18,26,36,17,16
431440705130090,520,250,270,9,11,13,20,18,20,44,28,37,26,24,4,12,13,16,19,21,31,36,49,41,28,13,23,26,36,37,41,75,64,86,67,52
431440705130091,378,160,218,11,7,8,8,7,7,29,35,21,15,12,12,20,22,11,6,13,45,29,21,21,18,23,27,30,19,13,20,74,64,42,36,30
431440705130092,736,340,396,16,19,18,19,19,24,64,44,48,34,35,14,16,20,21,18,25,56,58,54,52,62,30,35,38,40,37,49,120,102,102,86,97
431440705130093,233,122,111,9,12,9,4,8,7,27,20,10,10,6,7,9,3,3,6,10,27,12,14,11,9,16,21,12,7,14,17,54,32,24,21,15
431440705130094,492,225,267,16,20,13,13,11,9,40,41,25,19,18,12,22,11,12,7,14,48,54,31,32,24,28,42,24,25,18,23,88,95,56,51,42
431440705130095,190,86,104,8,11,5,12,3,6,16,15,5,3,X,4,10,10,12,13,8,12,15,10,6,4,12,21,15,24,16,14,28,30,15,9,6
431440705130096,844,415,429,20,31,32,33,43,27,59,48,58,42,22,29,29,23,25,20,38,50,68,71,47,29,49,60,55,58,63,65,109,116,129,89,51
431440705130097,615,288,327,11,23,31,15,26,10,58,58,31,19,6,13,30,20,16,22,15,80,70,33,21,7,24,53,51,31,48,25,138,128,64,40,13
431440705130099,650,310,340,20,20,18,23,22,20,51,43,42,31,20,10,26,15,24,24,22,59,44,51,36,29,30,46,33,47,46,42,110,87,93,67,49
431440705130100,166,78,88,9,3,6,X,12,5,9,14,9,6,3,6,6,6,6,15,3,13,14,6,8,5,15,9,12,8,27,8,22,28,15,14,8
431440705130101,593,282,311,13,23,24,21,20,17,47,41,28,31,17,25,22,26,16,21,20,53,38,42,24,24,38,45,50,37,41,37,100,79,70,55,41
431440705130102,155,73,82,4,X,5,3,4,X,11,11,15,14,4,3,6,X,4,X,3,7,14,16,19,6,7,7,7,7,6,4,18,25,31,33,10
431440705130103,958,445,513,55,39,26,24,57,75,78,46,25,13,7,52,36,26,34,75,84,93,55,35,16,7,107,75,52,58,132,159,171,101,60,29,14
431440705130104,408,175,233,21,15,16,21,16,11,30,27,11,4,3,14,12,23,20,21,17,43,37,24,18,4,35,27,39,41,37,28,73,64,35,22,7
431440705130105,335,155,180,17,12,21,16,17,14,21,13,12,9,3,8,11,12,16,17,13,30,30,19,15,9,25,23,33,32,34,27,51,43,31,24,12
431440705130106,557,266,291,26,18,8,9,22,35,85,49,9,5,0,29,18,6,15,23,46,90,38,15,6,5,55,36,14,24,45,81,175,87,24,11,5
431440705130107,453,201,252,19,16,12,3,19,24,70,26,3,4,5,23,20,5,7,20,40,89,26,8,11,3,42,36,17,10,39,64,159,52,11,15,8
431440705130108,703,321,382,28,34,19,12,15,25,84,63,19,16,6,17,32,18,11,20,28,118,66,29,26,17,45,66,37,23,35,53,202,129,48,42,23
431440705130109,802,357,445,36,39,19,20,15,27,88,61,23,22,7,26,33,21,17,19,46,120,78,30,33,22,62,72,40,37,34,73,208,139,53,55,29
431440705130110,688,321,367,27,45,24,17,13,15,68,65,20,14,13,31,22,21,15,15,17,96,69,36,22,23,58,67,45,32,28,32,164,134,56,36,36
431440705130111,463,223,240,22,31,16,9,10,9,48,46,14,9,9,10,15,14,8,5,8,66,49,24,22,19,32,46,30,17,15,17,114,95,38,31,28
431440705130112,439,208,231,16,29,13,11,11,8,34,45,19,8,14,11,11,12,12,12,8,36,59,29,22,19,27,40,25,23,23,16,70,104,48,30,33
431440705130114,593,258,335,27,26,43,24,29,14,34,30,17,8,6,31,21,35,29,25,23,68,44,26,16,17,58,47,78,53,54,37,102,74,43,24,23
431440705130115,539,226,313,21,28,40,19,23,21,32,19,15,4,4,15,25,25,35,28,23,51,43,36,19,13,36,53,65,54,51,44,83,62,51,23,17
431440705130116,237,115,122,19,8,10,5,5,15,33,13,6,0,X,11,8,X,3,6,27,36,14,9,6,0,30,16,12,8,11,42,69,27,15,6,X
431440705130117,186,95,91,10,12,5,6,7,9,17,12,13,3,X,6,12,5,10,7,9,15,15,10,X,X,16,24,10,16,14,18,32,27,23,4,X
431440705130118,1018,490,528,34,35,37,43,41,29,56,79,52,45,39,30,31,35,30,34,22,84,85,63,64,50,64,66,72,73,75,51,140,164,115,109,89
431440705130119,413,203,210,12,14,18,24,17,14,26,33,24,14,7,10,11,14,14,17,13,28,34,39,24,6,22,25,32,38,34,27,54,67,63,38,13
431440705130120,546,268,278,7,7,15,19,15,14,30,42,40,22,57,12,8,11,17,13,13,25,44,47,37,51,19,15,26,36,28,27,55,86,87,59,108
431440705130121,137,70,67,3,5,7,6,7,X,10,12,11,5,X,4,9,X,X,3,X,15,14,4,10,3,7,14,8,8,10,4,25,26,15,15,5
431440705130122,277,128,149,4,7,7,7,17,10,22,17,20,13,4,9,8,12,10,10,12,19,25,20,11,13,13,15,19,17,27,22,41,42,40,24,17
431440705130123,1146,534,612,46,48,38,32,43,36,81,82,60,42,26,47,57,46,40,43,58,99,82,54,48,38,93,105,84,72,86,94,180,164,114,90,64
431440705130124,91,49,42,X,4,X,7,3,3,11,5,8,4,X,3,3,0,3,X,3,0,10,12,5,X,4,7,X,10,5,6,11,15,20,9,X
431440705130125,628,309,319,23,40,34,29,40,28,50,20,18,21,6,40,29,37,20,42,31,51,24,30,11,4,63,69,71,49,82,59,101,44,48,32,10
431440705130126,418,193,225,20,16,10,20,21,12,25,21,17,21,10,20,19,13,23,23,11,35,25,28,18,10,40,35,23,43,44,23,60,46,45,39,20
431440705130127,186,88,98,6,9,7,9,5,7,8,11,17,4,5,11,6,5,8,13,5,10,10,18,5,7,17,15,12,17,18,12,18,21,35,9,12
431440705130128,528,258,270,15,12,14,24,26,24,29,27,57,24,6,11,12,24,17,22,21,33,47,54,19,10,26,24,38,41,48,45,62,74,111,43,16
431440705130129,1246,596,650,64,71,54,70,58,52,70,71,52,26,8,44,62,44,59,65,50,105,97,67,39,18,108,133,98,129,123,102,175,168,119,65,26
431440705130130,557,284,273,16,12,18,22,18,18,37,46,36,29,32,13,14,7,12,24,16,24,40,48,33,42,29,26,25,34,42,34,61,86,84,62,74
431440705130131,887,424,463,20,19,23,32,41,25,61,60,78,46,19,18,24,27,23,35,24,64,75,95,43,35,38,43,50,55,76,49,125,135,173,89,54
431440705130132,547,256,291,12,19,15,13,16,19,40,49,39,13,21,12,18,18,12,21,16,42,59,38,29,26,24,37,33,25,37,35,82,108,77,42,47
431440705130133,497,234,263,16,15,17,10,20,15,30,39,35,23,14,8,9,18,16,12,14,35,52,29,34,36,24,24,35,26,32,29,65,91,64,57,50
431440705130135,453,208,245,19,10,5,15,15,15,32,35,24,25,13,12,15,25,18,14,18,35,28,40,29,11,31,25,30,33,29,33,67,63,64,54,24
431440705130136,544,270,274,19,19,15,23,14,23,33,38,46,26,14,19,11,13,20,25,20,45,33,47,22,19,38,30,28,43,39,43,78,71,93,48,33
431440705130137,511,232,279,13,14,9,16,13,14,33,22,43,26,29,8,18,12,11,16,15,30,37,44,43,45,21,32,21,27,29,29,63,59,87,69,74
431440705130139,320,144,176,17,13,9,7,15,27,39,12,4,0,X,10,9,9,11,27,42,38,12,8,6,4,27,22,18,18,42,69,77,24,12,6,5
431440705130140,554,234,320,20,24,9,13,25,49,58,19,11,X,4,20,22,14,26,41,63,69,33,18,7,7,40,46,23,39,66,112,127,52,29,9,11
431440705130141,395,172,223,17,5,4,6,14,37,45,24,8,8,4,6,7,8,10,34,36,63,18,14,20,7,23,12,12,16,48,73,108,42,22,28,11
431440705130142,280,122,158,5,6,8,7,13,6,20,13,16,12,16,4,11,12,5,15,9,17,18,23,19,25,9,17,20,12,28,15,37,31,39,31,41
431440705130143,479,237,242,12,19,10,16,16,17,35,29,25,26,32,9,8,12,17,15,13,37,34,34,33,30,21,27,22,33,31,30,72,63,59,59,62
431440705130144,103,55,48,3,5,5,5,4,5,5,6,6,7,4,X,6,X,X,5,X,4,7,7,6,5,5,11,7,7,9,7,9,13,13,13,9
431440705130145,740,343,397,19,23,23,23,32,33,43,48,33,40,26,13,25,23,30,25,26,44,70,55,50,36,32,48,46,53,57,59,87,118,88,90,62
431440705130146,51,23,28,0,X,0,5,0,X,3,3,3,5,X,0,X,3,4,0,X,5,5,3,4,X,0,X,3,9,0,X,8,8,6,9,4
431440705130147,688,322,366,24,21,23,26,16,28,50,61,33,20,20,25,25,24,24,22,28,58,67,40,27,26,49,46,47,50,38,56,108,128,73,47,46
431440705130148,786,389,397,28,28,28,46,40,19,52,65,47,27,9,20,39,32,41,34,24,54,88,36,19,10,48,67,60,87,74,43,106,153,83,46,19
431440705130149,620,300,320,19,28,19,13,23,19,44,34,44,35,22,13,10,22,19,27,19,43,54,42,44,27,32,38,41,32,50,38,87,88,86,79,49
431440705130150,111,53,58,X,4,4,5,6,5,5,6,12,X,4,5,3,5,4,3,4,7,12,7,3,5,6,7,9,9,9,9,12,18,19,4,9
431440705130151,1023,489,534,27,44,31,33,37,36,67,62,80,54,18,29,27,30,32,45,35,77,65,90,58,46,56,71,61,65,82,71,144,127,170,112,64
431440705130152,641,310,331,26,28,29,27,18,36,47,39,34,15,11,39,30,30,29,34,23,62,36,30,10,8,65,58,59,56,52,59,109,75,64,25,19
431440705140003,212,100,112,10,7,3,4,7,8,15,11,16,5,14,4,5,12,4,13,9,11,12,15,15,12,14,12,15,8,20,17,26,23,31,20,26
431440705140004,898,442,456,37,51,28,34,46,43,57,44,54,35,13,43,32,25,45,41,46,63,50,49,41,21,80,83,53,79,87,89,120,94,103,76,34
431440705140005,116,59,57,4,X,4,3,7,7,5,10,5,7,5,3,3,4,X,3,X,10,5,11,7,8,7,5,8,5,10,8,15,15,16,14,13
431440705140006,281,140,141,16,5,7,9,12,9,19,22,14,16,11,6,8,6,10,8,11,20,22,21,15,14,22,13,13,19,20,20,39,44,35,31,25
431440705140007,77,39,38,0,X,5,X,3,X,6,4,8,X,8,X,X,X,3,X,3,X,10,X,5,7,X,3,7,4,5,4,8,14,10,6,15
431440705140012,36,23,13,X,4,X,X,4,3,3,X,X,X,X,0,0,0,0,0,X,5,X,X,X,3,X,4,X,X,4,4,8,X,3,3,4
431440705140013,120,60,60,5,3,6,5,X,5,8,14,4,6,X,X,X,6,5,4,5,6,14,5,9,X,7,5,12,10,6,10,14,28,9,15,4
431440705140014,343,179,164,11,13,18,15,14,12,26,26,21,15,8,15,10,17,12,14,7,25,22,24,9,9,26,23,35,27,28,19,51,48,45,24,17
431440705140016,70,34,36,0,0,5,X,4,X,4,4,9,3,X,X,4,0,3,6,X,4,9,6,0,X,X,4,5,4,10,3,8,13,15,3,4
431440705140017,95,45,50,X,X,X,4,7,X,8,4,8,X,6,X,5,X,5,5,4,8,6,3,5,5,4,6,3,9,12,6,16,10,11,7,11
431440705140019,270,134,136,5,13,10,5,14,13,23,17,15,12,7,9,11,10,11,6,9,27,18,20,6,9,14,24,20,16,20,22,50,35,35,18,16
431440705140020,277,138,139,11,8,8,12,8,7,26,18,20,15,5,5,9,9,6,8,7,21,25,21,12,16,16,17,17,18,16,14,47,43,41,27,21
431440705140021,440,217,223,16,20,10,16,23,16,36,30,26,16,8,16,18,14,23,18,8,35,32,22,20,17,32,38,24,39,41,24,71,62,48,36,25
431440705140022,349,175,174,19,15,16,15,14,12,20,22,25,10,7,10,14,18,10,8,15,31,31,24,9,4,29,29,34,25,22,27,51,53,49,19,11
431440705150001,822,393,429,19,18,25,21,25,32,45,43,64,62,39,14,20,9,23,28,24,45,58,80,65,63,33,38,34,44,53,56,90,101,144,127,102
431440705150002,325,153,172,3,9,12,9,9,10,13,20,27,23,18,9,6,8,11,6,4,20,28,25,22,33,12,15,20,20,15,14,33,48,52,45,51
431440705150003,188,80,108,4,6,11,4,8,4,7,17,8,9,X,X,X,8,8,7,X,17,25,13,16,9,6,7,19,12,15,6,24,42,21,25,11
431440705150004,555,236,319,6,6,13,13,16,17,29,31,37,31,37,7,7,15,10,28,13,28,45,41,55,70,13,13,28,23,44,30,57,76,78,86,107
431440705150005,432,213,219,12,12,11,15,11,14,35,25,35,26,17,15,9,7,8,13,16,26,23,39,28,35,27,21,18,23,24,30,61,48,74,54,52
431440705150006,480,226,254,12,13,13,20,17,19,37,31,25,24,15,17,14,6,15,18,24,41,31,34,25,29,29,27,19,35,35,43,78,62,59,49,44
431440705150007,457,209,248,9,11,13,12,14,15,24,34,25,26,26,10,12,15,14,14,12,32,36,33,31,39,19,23,28,26,28,27,56,70,58,57,65
431440705150008,502,246,256,11,16,16,24,8,10,27,39,32,35,28,11,17,12,15,11,17,35,30,41,33,34,22,33,28,39,19,27,62,69,73,68,62
431440705150009,673,325,348,14,28,23,21,15,15,47,43,53,36,30,12,24,25,18,11,18,53,43,54,38,52,26,52,48,39,26,33,100,86,107,74,82
431440705150010,440,202,238,12,9,12,12,12,12,24,31,31,25,22,7,8,16,15,11,16,38,32,32,27,36,19,17,28,27,23,28,62,63,63,52,58
431440705150011,583,269,314,12,11,22,24,20,21,28,28,45,35,23,9,14,17,21,21,10,37,36,57,49,43,21,25,39,45,41,31,65,64,102,84,66
431440705150012,273,119,154,4,4,11,15,10,7,10,22,17,10,9,X,4,11,9,12,11,11,33,26,17,18,6,8,22,24,22,18,21,55,43,27,27
431440705150013,659,321,338,19,16,19,21,31,15,38,46,47,42,27,17,21,16,19,18,35,37,44,56,48,27,36,37,35,40,49,50,75,90,103,90,54
431440705150014,749,361,388,15,21,18,21,33,33,52,51,43,34,40,16,13,18,29,29,27,41,45,66,55,49,31,34,36,50,62,60,93,96,109,89,89
431440705150015,705,318,387,19,26,19,24,34,28,33,34,58,30,13,23,16,21,18,40,32,43,45,60,52,37,42,42,40,42,74,60,76,79,118,82,50
431440705150016,955,474,481,30,39,36,37,31,36,62,63,70,43,27,30,35,26,30,33,39,78,55,73,44,38,60,74,62,67,64,75,140,118,143,87,65
431440705150017,361,165,196,10,9,12,8,13,10,24,18,22,25,14,5,13,12,6,12,12,33,22,27,27,27,15,22,24,14,25,22,57,40,49,52,41
431440705150018,757,348,409,15,13,17,22,21,22,44,42,61,49,42,15,15,17,24,17,21,44,40,68,65,83,30,28,34,46,38,43,88,82,129,114,125
431440705150019,273,110,163,X,X,3,8,8,11,19,16,17,14,10,8,6,7,7,20,11,20,21,18,21,24,10,8,10,15,28,22,39,37,35,35,34
431440705150020,202,82,120,X,4,6,7,20,13,9,6,7,3,5,0,3,X,7,25,16,13,9,15,14,16,X,7,8,14,45,29,22,15,22,17,21
431440705150021,661,298,363,17,12,8,20,37,22,35,34,42,36,35,13,14,17,25,31,33,38,39,64,40,49,30,26,25,45,68,55,73,73,106,76,84
431440705150022,448,203,245,7,11,9,19,19,20,20,18,29,29,22,6,11,11,7,20,12,24,33,39,31,51,13,22,20,26,39,32,44,51,68,60,73
431440705150023,809,380,429,23,24,21,25,29,21,51,63,51,43,29,20,18,23,21,29,22,61,62,59,56,58,43,42,44,46,58,43,112,125,110,99,87
431440705150024,478,215,263,8,8,10,12,10,15,32,22,36,31,31,7,9,19,4,11,15,26,32,41,37,62,15,17,29,16,21,30,58,54,77,68,93
431440705150025,338,157,181,10,11,5,7,15,17,13,18,27,20,14,7,9,12,5,9,8,16,36,25,26,28,17,20,17,12,24,25,29,54,52,46,42
431440705150026,196,93,103,5,X,3,X,10,6,11,8,14,21,11,3,0,3,3,8,8,13,9,16,23,17,8,X,6,5,18,14,24,17,30,44,28
431440705150027,413,192,221,5,8,13,18,16,6,23,33,23,30,17,7,3,9,11,14,9,19,35,33,37,44,12,11,22,29,30,15,42,68,56,67,61
431440705150028,635,290,345,12,17,25,18,21,25,33,44,37,29,29,9,13,19,20,22,12,44,44,45,50,67,21,30,44,38,43,37,77,88,82,79,96
431440705150029,62,31,31,X,4,4,4,0,X,3,5,4,3,X,X,0,X,X,X,X,4,3,5,5,5,3,4,6,6,X,3,7,8,9,8,6
431440705150030,363,181,182,19,22,17,15,14,21,19,24,16,9,5,15,12,17,21,13,13,33,18,17,16,7,34,34,34,36,27,34,52,42,33,25,12
431440705150031,805,379,426,27,24,39,25,27,33,52,41,42,38,31,24,27,27,34,39,33,59,47,55,42,39,51,51,66,59,66,66,111,88,97,80,70
431440705150032,367,164,203,6,5,11,14,12,9,17,26,19,26,19,10,9,5,8,11,13,17,40,27,38,25,16,14,16,22,23,22,34,66,46,64,44
431440705150033,404,178,226,6,12,12,10,14,12,19,32,23,20,18,7,15,13,15,13,22,25,24,29,26,37,13,27,25,25,27,34,44,56,52,46,55
431440705150034,451,205,246,16,22,15,14,21,11,23,30,18,26,9,17,14,22,17,19,14,33,30,35,27,18,33,36,37,31,40,25,56,60,53,53,27
431440705150035,727,344,383,17,25,25,23,30,28,36,51,39,39,31,19,15,15,20,32,16,46,54,55,56,55,36,40,40,43,62,44,82,105,94,95,86
431440705150036,547,245,302,10,16,10,15,15,28,23,33,43,34,18,9,14,12,12,21,23,40,33,47,45,46,19,30,22,27,36,51,63,66,90,79,64
431440705150038,678,312,366,17,22,19,21,27,21,39,29,45,47,25,17,18,21,15,22,26,43,45,56,49,54,34,40,40,36,49,47,82,74,101,96,79
431440705150039,527,209,318,6,8,11,12,19,17,32,29,25,26,24,7,5,10,13,38,28,39,36,36,47,59,13,13,21,25,57,45,71,65,61,73,83
431440705150040,450,179,271,5,9,12,9,26,24,24,15,13,23,19,3,7,7,13,36,22,34,20,37,37,55,8,16,19,22,62,46,58,35,50,60,74
431440705150041,516,209,307,9,6,8,12,18,14,29,28,38,20,27,6,9,11,16,19,20,36,37,39,46,68,15,15,19,28,37,34,65,65,77,66,95
431440705150042,450,199,251,6,14,12,10,16,20,24,26,16,29,26,10,9,6,13,14,15,27,27,30,47,53,16,23,18,23,30,35,51,53,46,76,79
431440705150043,243,104,139,4,9,12,8,11,4,14,23,7,5,7,4,6,7,8,7,5,17,33,24,18,10,8,15,19,16,18,9,31,56,31,23,17
431440705150044,397,189,208,13,11,9,10,14,19,21,20,30,23,19,8,3,9,9,17,15,24,29,28,35,31,21,14,18,19,31,34,45,49,58,58,50
431440705150045,762,377,385,13,21,21,25,37,20,46,58,58,42,36,13,10,20,28,29,20,45,57,66,46,51,26,31,41,53,66,40,91,115,124,88,87
431440705150046,761,388,373,22,22,29,31,27,20,57,42,64,36,38,11,23,11,19,22,25,44,55,74,38,51,33,45,40,50,49,45,101,97,138,74,89
431440705150047,753,355,398,9,16,27,23,19,31,36,46,55,47,46,14,17,14,24,25,22,49,56,55,56,66,23,33,41,47,44,53,85,102,110,103,112
431440705150048,829,395,434,17,24,15,27,29,35,43,53,57,45,50,13,20,21,29,25,29,56,59,58,65,59,30,44,36,56,54,64,99,112,115,110,109
431440705150049,550,263,287,16,15,11,21,12,17,41,36,35,33,26,4,7,18,13,21,18,37,32,41,46,50,20,22,29,34,33,35,78,68,76,79,76
431440705150050,448,205,243,12,12,5,11,19,16,23,25,28,29,25,15,12,11,8,18,17,29,18,34,44,37,27,24,16,19,37,33,52,43,62,73,62
431440705150051,651,305,346,14,19,14,25,33,23,28,45,43,34,27,14,11,19,24,29,19,29,44,49,51,57,28,30,33,49,62,42,57,89,92,85,84
431440705150052,450,206,244,9,16,15,16,19,12,32,17,35,19,16,16,16,11,11,21,14,32,25,41,31,26,25,32,26,27,40,26,64,42,76,50,42
431440705150054,698,323,375,17,22,20,16,27,31,63,50,33,19,25,14,19,15,15,29,37,79,43,53,31,40,31,41,35,31,56,68,142,93,86,50,65
431440705150055,1060,502,558,46,37,29,33,31,49,126,69,54,16,12,36,34,28,26,38,64,143,80,42,47,20,82,71,57,59,69,113,269,149,96,63,32
431440705150057,514,247,267,17,15,18,22,23,10,35,29,33,32,13,12,9,14,19,25,18,36,35,38,36,25,29,24,32,41,48,28,71,64,71,68,38
431440705150058,721,341,380,10,28,12,26,18,21,46,46,41,43,50,14,23,11,15,20,26,38,44,45,71,73,24,51,23,41,38,47,84,90,86,114,123
431440705150060,704,335,369,14,22,23,19,24,19,45,45,43,41,40,16,18,19,24,27,24,36,49,38,54,64,30,40,42,43,51,43,81,94,81,95,104
431440705150061,509,220,289,10,11,19,19,9,13,32,24,30,25,28,12,19,17,12,13,13,41,36,40,36,50,22,30,36,31,22,26,73,60,70,61,78
431440705150062,X,X,X,X,X,X,X,X,X,X,X,X,X,X,X,X,X,X,X,X,X,X,X,X,X,X,X,X,X,X,X,X,X,X,X,X
431440705150063,741,345,396,17,18,18,21,23,30,46,41,43,50,38,17,14,16,24,33,28,37,63,48,50,66,34,32,34,45,56,58,83,104,91,100,104
431440705150064,570,275,295,18,20,19,19,23,25,38,35,29,27,22,15,19,15,16,18,20,45,34,33,38,42,33,39,34,35,41,45,83,69,62,65,64
431440705150065,668,322,346,21,22,16,19,20,20,36,50,53,33,32,9,18,17,13,21,21,42,51,58,51,45,30,40,33,32,41,41,78,101,111,84,77
431440705150066,419,194,225,12,10,12,5,16,15,33,26,27,22,16,11,13,16,11,13,8,38,30,36,19,30,23,23,28,16,29,23,71,56,63,41,46
431440705150067,1795,856,939,75,79,48,51,94,148,193,82,49,25,12,71,49,54,49,153,153,180,99,72,38,21,146,128,102,100,247,301,373,181,121,63,33
431440705150068,437,215,222,22,11,15,20,9,16,34,41,28,11,8,15,14,12,13,19,17,37,42,22,19,12,37,25,27,33,28,33,71,83,50,30,20
431440705150070,864,400,464,25,30,13,28,29,30,61,50,61,44,29,21,24,19,30,37,35,52,57,73,59,57,46,54,32,58,66,65,113,107,134,103,86
431440705150071,768,358,410,13,28,18,20,21,19,39,53,46,45,56,15,16,11,14,20,16,48,62,48,79,81,28,44,29,34,41,35,87,115,94,124,137
431440705150072,955,455,500,22,47,33,22,23,26,58,91,49,35,49,22,27,23,28,26,28,85,89,42,61,69,44,74,56,50,49,54,143,180,91,96,118
431440705150073,723,356,367,29,28,21,24,32,13,57,68,31,21,32,23,15,17,20,24,20,65,66,31,39,47,52,43,38,44,56,33,122,134,62,60,79
431440705150074,528,256,272,16,11,14,18,22,29,42,33,25,19,27,16,12,8,15,26,31,37,37,35,31,24,32,23,22,33,48,60,79,70,60,50,51
431440705150076,910,432,478,29,30,31,36,36,37,70,51,51,42,19,29,23,29,37,50,34,63,65,72,44,32,58,53,60,73,86,71,133,116,123,86,51
431440705150077,437,219,218,10,17,18,12,18,14,30,25,41,21,13,10,9,8,15,13,18,34,24,35,25,27,20,26,26,27,31,32,64,49,76,46,40
431440705150078,478,224,254,12,9,14,16,18,16,26,31,31,28,23,7,15,16,7,20,12,30,37,49,34,27,19,24,30,23,38,28,56,68,80,62,50
431440705150079,448,231,217,20,17,11,16,21,18,40,32,21,21,14,15,9,10,23,16,25,35,30,19,24,11,35,26,21,39,37,43,75,62,40,45,25
431440705150081,664,269,395,9,22,17,24,27,17,38,31,27,41,16,19,21,20,25,17,32,47,46,50,62,56,28,43,37,49,44,49,85,77,77,103,72
431440705150082,566,252,314,17,17,14,14,15,13,39,37,30,33,23,10,19,15,17,12,17,43,43,31,63,44,27,36,29,31,27,30,82,80,61,96,67
431440705150083,655,274,381,18,21,12,21,27,18,44,39,22,25,27,9,26,18,23,31,22,51,44,53,55,49,27,47,30,44,58,40,95,83,75,80,76
431440705150084,556,253,303,18,13,14,17,20,17,45,37,26,21,25,12,10,13,13,17,20,43,36,44,55,40,30,23,27,30,37,37,88,73,70,76,65
431440705150085,408,170,238,9,14,11,6,11,13,24,22,26,22,12,5,9,15,17,19,19,23,26,37,32,36,14,23,26,23,30,32,47,48,63,54,48
431440705150086,452,195,257,14,10,10,17,6,16,31,17,28,30,16,11,10,9,15,17,9,36,28,46,51,25,25,20,19,32,23,25,67,45,74,81,41
431440705150087,310,129,181,7,8,5,9,8,12,21,13,12,19,15,9,10,5,10,10,13,17,20,26,36,25,16,18,10,19,18,25,38,33,38,55,40
431440705150088,469,215,254,17,20,13,12,14,13,21,31,22,29,23,11,10,6,12,12,12,31,31,43,50,36,28,30,19,24,26,25,52,62,65,79,59
431440705150089,430,202,228,15,15,12,12,14,19,27,25,29,24,10,6,10,10,13,16,21,26,36,29,34,27,21,25,22,25,30,40,53,61,58,58,37
431440705150090,412,176,236,10,15,13,15,14,17,21,17,21,24,9,5,13,15,5,16,21,26,36,35,37,27,15,28,28,20,30,38,47,53,56,61,36
431440705150091,449,198,251,15,8,13,18,19,16,30,26,13,21,19,12,10,8,20,19,13,31,36,32,38,32,27,18,21,38,38,29,61,62,45,59,51
431440705150092,559,245,314,10,13,13,14,20,19,30,41,32,32,21,17,12,18,21,22,27,39,43,42,31,42,27,25,31,35,42,46,69,84,74,63,63
431440705150093,535,250,285,12,17,14,15,26,9,27,39,33,31,27,7,10,12,16,20,8,45,43,46,44,34,19,27,26,31,46,17,72,82,79,75,61
431440705150094,744,341,403,21,19,24,23,35,19,44,45,41,37,33,16,21,22,24,27,25,55,75,46,53,39,37,40,46,47,62,44,99,120,87,90,72
431440705150095,348,167,181,6,19,7,13,14,14,20,25,25,16,8,13,8,9,9,15,16,22,31,21,25,12,19,27,16,22,29,30,42,56,46,41,20
431440705150096,989,485,504,29,26,32,42,43,63,62,59,59,43,27,31,27,21,21,41,53,67,72,67,60,44,60,53,53,63,84,116,129,131,126,103,71
431440705150097,452,196,256,12,10,12,10,13,16,23,20,34,27,19,6,15,12,22,19,14,23,35,34,23,53,18,25,24,32,32,30,46,55,68,50,72
431440705150098,505,242,263,12,8,15,12,20,16,32,30,45,30,22,12,14,14,14,16,15,34,28,44,37,35,24,22,29,26,36,31,66,58,89,67,57
431440705150099,509,237,272,10,9,11,16,16,21,33,25,41,30,25,9,12,14,15,15,21,32,38,40,38,38,19,21,25,31,31,42,65,63,81,68,63
431440705150100,622,300,322,13,16,21,20,23,15,39,42,40,39,32,11,10,15,16,23,17,43,42,58,41,46,24,26,36,36,46,32,82,84,98,80,78
431440705150101,500,240,260,10,19,12,12,15,14,23,31,46,24,34,6,14,10,18,5,13,36,29,49,40,40,16,33,22,30,20,27,59,60,95,64,74
431440705150102,706,332,374,16,19,16,28,27,28,51,30,49,35,33,13,16,20,13,24,31,40,48,62,56,51,29,35,36,41,51,59,91,78,111,91,84
431440705150103,331,164,167,5,10,12,7,17,11,22,20,24,23,13,7,9,5,10,10,8,18,25,25,27,23,12,19,17,17,27,19,40,45,49,50,36
431440705150104,335,162,173,5,11,13,11,15,7,15,22,24,16,23,7,13,11,3,12,9,24,21,20,31,22,12,24,24,14,27,16,39,43,44,47,45
431440705150105,643,319,324,17,12,23,19,23,23,49,41,48,34,30,15,17,18,18,23,19,46,38,40,50,40,32,29,41,37,46,42,95,79,88,84,70
431440705150106,672,317,355,21,20,24,25,23,25,40,37,47,33,22,21,26,14,19,22,23,51,39,47,37,56,42,46,38,44,45,48,91,76,94,70,78
431440705150108,89,39,50,0,X,X,X,0,5,X,8,X,9,7,X,X,6,X,0,X,5,7,8,9,9,X,4,8,3,0,7,7,15,10,18,16
431440705150109,114,54,60,4,X,3,3,3,6,11,5,7,6,5,5,X,X,3,3,5,8,5,10,10,8,9,X,5,6,6,11,19,10,17,16,13
431440705150110,163,76,87,8,7,3,X,3,7,14,9,7,9,7,4,X,3,X,7,4,12,7,17,12,18,12,9,6,3,10,11,26,16,24,21,25
431440705150111,495,236,259,9,16,17,26,26,16,24,24,40,25,13,11,12,13,11,19,12,36,40,44,33,28,20,28,30,37,45,28,60,64,84,58,41
431440705150112,666,310,356,13,17,19,19,15,13,45,49,49,34,37,10,22,22,22,11,16,46,55,56,45,51,23,39,41,41,26,29,91,104,105,79,88
431440705150113,414,161,253,6,9,14,9,21,19,23,35,12,9,4,10,12,13,12,17,25,50,49,33,17,15,16,21,27,21,38,44,73,84,45,26,19
431440705150114,386,163,223,4,4,4,7,18,19,35,18,14,23,17,5,9,X,8,19,18,47,18,26,40,31,9,13,6,15,37,37,82,36,40,63,48
431440705150115,423,176,247,4,16,16,17,24,10,27,30,16,11,5,9,6,11,12,32,14,40,47,33,23,20,13,22,27,29,56,24,67,77,49,34,25
431440705150116,639,265,374,23,29,29,32,25,15,40,39,14,14,5,15,30,31,36,33,19,72,67,35,26,10,38,59,60,68,58,34,112,106,49,40,15
431440705150117,426,185,241,15,18,8,10,17,13,47,29,16,10,X,13,23,12,13,17,17,64,34,21,20,7,28,41,20,23,34,30,111,63,37,30,9
431440705150118,419,190,229,13,15,10,14,13,18,40,38,15,9,5,16,14,10,13,13,16,47,47,20,21,12,29,29,20,27,26,34,87,85,35,30,17
431440705150119,415,184,231,12,13,6,13,18,19,47,24,17,12,3,13,5,11,16,23,20,57,42,21,17,6,25,18,17,29,41,39,104,66,38,29,9
431440705150120,413,190,223,23,13,11,11,14,20,52,28,9,3,6,19,9,9,14,18,26,62,36,14,7,9,42,22,20,25,32,46,114,64,23,10,15
431440705150121,247,116,131,13,6,3,8,16,15,28,13,4,6,4,8,5,X,6,9,16,45,14,15,7,4,21,11,5,14,25,31,73,27,19,13,8
431440705150122,251,109,142,10,3,7,11,9,12,15,15,12,6,9,7,7,6,X,9,8,21,20,22,21,19,17,10,13,13,18,20,36,35,34,27,28
431440705150123,506,241,265,22,22,16,8,14,10,52,56,23,9,9,21,15,18,12,15,17,63,51,22,17,14,43,37,34,20,29,27,115,107,45,26,23
431440705150124,271,121,150,5,7,8,5,7,11,29,28,14,5,X,11,9,7,12,9,5,34,38,10,8,7,16,16,15,17,16,16,63,66,24,13,9
431440705150125,269,135,134,6,11,15,14,6,5,26,20,18,13,X,7,12,10,6,3,11,34,26,11,11,3,13,23,25,20,9,16,60,46,29,24,4
431440705150127,491,229,262,18,16,23,19,9,19,41,38,27,15,4,14,15,15,16,21,24,48,43,27,28,11,32,31,38,35,30,43,89,81,54,43,15
431440705150128,676,300,376,26,16,19,11,32,20,40,38,41,41,16,15,20,18,25,27,28,47,49,55,55,37,41,36,37,36,59,48,87,87,96,96,53
431440705150129,227,119,108,9,5,10,6,10,9,15,15,18,19,3,5,X,5,7,10,6,13,18,25,12,5,14,7,15,13,20,15,28,33,43,31,8
431440705150130,561,253,308,17,16,21,10,14,28,57,29,38,19,4,14,21,7,16,31,37,54,42,44,25,17,31,37,28,26,45,65,111,71,82,44,21
431440705150131,59,32,27,0,X,0,3,4,3,5,X,6,5,3,X,X,X,0,0,X,X,3,5,6,5,X,3,X,3,4,4,7,5,11,11,8
431440705150132,911,407,504,25,24,16,21,38,73,93,46,27,21,23,30,25,13,21,71,77,101,56,42,32,36,55,49,29,42,109,150,194,102,69,53,59
431440705150133,578,266,312,22,12,12,20,29,36,62,27,16,17,13,18,21,12,16,30,42,75,34,26,18,20,40,33,24,36,59,78,137,61,42,35,33
431440705150134,752,363,389,12,23,25,25,35,18,53,49,56,47,20,27,19,21,22,40,23,48,60,54,46,29,39,42,46,47,75,41,101,109,110,93,49
431440705150135,587,266,321,29,15,25,15,24,32,75,28,17,5,X,34,23,17,17,30,43,81,45,16,10,5,63,38,42,32,54,75,156,73,33,15,6
431440705150136,30,8,22,0,0,0,X,3,X,X,0,0,0,0,X,0,X,X,6,3,X,X,X,X,X,X,0,X,3,9,5,4,X,X,X,X
431440705150137,624,295,329,5,18,13,20,26,20,31,33,51,45,33,7,12,21,22,25,12,34,54,44,51,47,12,30,34,42,51,32,65,87,95,96,80
431440705150138,X,X,X,X,X,X,X,X,X,X,X,X,X,X,X,X,X,X,X,X,X,X,X,X,X,X,X,X,X,X,X,X,X,X,X,X
431440705150139,711,340,371,17,22,35,30,42,27,36,39,45,30,17,20,25,26,30,32,22,59,45,52,39,21,37,47,61,60,74,49,95,84,97,69,38
431440705150140,44,28,16,3,0,X,X,0,X,3,7,5,3,3,X,0,X,0,0,3,4,X,X,X,0,5,0,X,X,0,5,7,9,7,5,3
431440705150142,545,263,282,17,28,14,8,16,16,72,41,31,14,6,21,16,11,17,11,31,70,47,36,11,11,38,44,25,25,27,47,142,88,67,25,17
431440705150143,423,187,236,18,15,8,5,17,40,52,22,10,0,0,16,18,13,8,23,50,49,34,11,6,8,34,33,21,13,40,90,101,56,21,6,8
431440705150144,371,173,198,9,9,4,16,12,18,27,16,16,27,19,7,15,11,8,14,15,24,20,27,34,23,16,24,15,24,26,33,51,36,43,61,42
431440705150145,142,67,75,5,10,6,4,6,7,6,8,10,5,0,4,3,X,5,7,9,11,9,11,8,7,9,13,7,9,13,16,17,17,21,13,7
431440705160001,278,116,162,X,4,X,7,9,13,13,18,14,10,25,X,4,5,7,9,9,19,18,8,25,56,4,8,6,14,18,22,32,36,22,35,81
431440705160002,233,90,143,X,0,6,6,10,5,11,7,13,12,19,X,X,X,4,10,8,10,12,13,24,56,3,X,8,10,20,13,21,19,26,36,75
431440705160003,221,90,131,3,X,5,7,6,10,14,11,12,6,14,3,3,4,4,19,10,17,12,11,17,31,6,5,9,11,25,20,31,23,23,23,45
431440705160004,221,67,154,X,0,X,5,7,5,8,9,4,7,19,3,X,4,5,14,7,5,12,19,23,60,5,X,5,10,21,12,13,21,23,30,79
431440705160005,160,62,98,3,3,4,X,4,5,10,7,9,6,10,X,X,X,X,9,9,9,8,12,11,33,5,5,6,X,13,14,19,15,21,17,43
431440705160006,344,139,205,6,3,5,5,16,21,15,21,17,15,15,X,10,10,10,15,16,17,33,21,24,48,7,13,15,15,31,37,32,54,38,39,63
431440705160007,304,126,178,X,3,4,6,14,14,20,16,15,17,15,7,5,8,9,15,14,24,13,23,25,35,9,8,12,15,29,28,44,29,38,42,50
431440705160008,480,199,281,14,10,10,9,26,18,27,21,20,17,27,6,10,10,14,19,18,27,34,41,30,72,20,20,20,23,45,36,54,55,61,47,99
431440705160009,256,113,143,X,4,5,7,8,8,14,13,16,12,25,6,3,X,10,17,10,10,16,14,14,42,7,7,6,17,25,18,24,29,30,26,67
431440705160010,394,180,214,9,3,X,8,21,25,23,22,21,20,26,3,5,X,6,19,20,18,22,23,33,64,12,8,3,14,40,45,41,44,44,53,90
431440705160011,470,202,268,4,3,7,11,24,20,36,16,21,19,41,3,5,7,9,28,17,26,29,26,38,80,7,8,14,20,52,37,62,45,47,57,121
431440705160012,257,105,152,3,0,X,4,19,13,18,13,7,9,18,3,3,4,7,20,13,21,11,14,18,38,6,3,5,11,39,26,39,24,21,27,56
431440705160013,223,90,133,X,X,X,5,7,12,20,14,5,10,11,X,3,6,9,19,21,28,10,7,9,20,3,5,8,14,26,33,48,24,12,19,31
431440705160014,713,315,398,13,11,11,15,19,30,60,38,20,44,54,9,10,9,11,37,28,55,43,45,74,77,22,21,20,26,56,58,115,81,65,118,131
431440705160015,315,139,176,6,5,6,8,11,15,21,17,13,19,18,3,7,10,11,3,6,28,24,22,23,39,9,12,16,19,14,21,49,41,35,42,57
431440705160017,207,90,117,X,X,X,4,12,6,8,10,16,14,15,5,X,0,5,8,7,16,13,21,18,23,7,3,X,9,20,13,24,23,37,32,38
431440705160018,366,155,211,7,5,7,3,15,7,22,17,28,24,20,6,10,8,9,13,17,22,31,22,31,42,13,15,15,12,28,24,44,48,50,55,62
431440705160019,231,88,143,X,X,X,6,7,6,18,9,8,12,17,X,0,X,9,10,9,16,19,15,32,30,3,X,3,15,17,15,34,28,23,44,47
431440705160020,463,219,244,4,10,8,16,30,25,39,31,21,13,22,4,7,11,15,30,16,33,39,32,30,27,8,17,19,31,60,41,72,70,53,43,49
431440705160021,385,187,198,8,8,12,14,13,22,18,30,20,25,17,6,10,5,11,12,12,22,26,33,27,34,14,18,17,25,25,34,40,56,53,52,51
431440705160022,477,219,258,11,13,10,15,26,14,39,17,29,26,19,6,8,9,14,14,14,27,34,41,38,53,17,21,19,29,40,28,66,51,70,64,72
431440705160023,518,222,296,5,11,3,14,34,15,28,30,22,26,34,16,9,11,13,27,13,35,33,37,49,53,21,20,14,27,61,28,63,63,59,75,87
431440705160024,349,155,194,3,5,9,11,7,17,26,22,18,17,20,6,7,6,8,10,14,27,29,25,25,37,9,12,15,19,17,31,53,51,43,42,57
431440705160025,413,173,240,X,6,7,3,45,26,19,12,15,18,20,5,6,5,9,63,29,21,17,19,22,44,7,12,12,12,108,55,40,29,34,40,64
431440705160026,250,109,141,4,X,3,7,16,7,18,18,9,12,13,X,3,5,9,22,18,15,18,16,10,23,6,5,8,16,38,25,33,36,25,22,36
431440705160027,272,116,156,3,5,X,6,29,21,11,12,13,7,8,X,5,5,11,37,17,12,14,15,19,19,5,10,6,17,66,38,23,26,28,26,27
431440705160028,209,88,121,X,0,X,4,28,10,14,8,3,7,12,X,X,X,7,34,22,9,8,6,15,16,X,X,3,11,62,32,23,16,9,22,28
431440705160029,315,131,184,X,0,X,9,44,20,17,8,7,8,14,3,5,X,15,51,22,15,11,9,19,33,5,5,3,24,95,42,32,19,16,27,47
431440705160030,356,153,203,4,8,10,11,28,20,17,21,14,8,12,3,5,4,9,35,22,17,24,22,17,45,7,13,14,20,63,42,34,45,36,25,57
431440705160031,382,167,215,4,4,4,13,21,10,24,17,26,24,20,X,X,10,9,33,16,13,27,32,30,42,5,6,14,22,54,26,37,44,58,54,62
431440705160032,129,60,69,X,4,4,3,5,9,5,6,7,6,9,X,X,X,X,8,5,7,9,11,13,8,4,6,6,5,13,14,12,15,18,19,17
431440705160033,205,95,110,4,3,X,4,15,10,10,14,12,14,7,0,9,7,4,16,11,11,10,12,14,16,4,12,9,8,31,21,21,24,24,28,23
431440705160034,293,132,161,7,6,7,11,9,7,17,17,15,16,20,3,6,7,12,14,8,21,14,20,23,33,10,12,14,23,23,15,38,31,35,39,53
431440705160035,212,95,117,X,3,X,6,14,7,13,8,16,13,12,X,X,5,12,10,8,12,18,11,18,21,X,4,7,18,24,15,25,26,27,31,33
431440705160036,245,108,137,0,3,X,14,21,16,10,6,13,12,12,X,0,5,8,24,15,10,9,22,18,25,X,3,6,22,45,31,20,15,35,30,37
431440705160037,233,103,130,4,4,3,3,12,4,14,9,14,20,16,7,3,3,5,13,7,12,17,23,13,27,11,7,6,8,25,11,26,26,37,33,43
431440705160038,305,130,175,X,X,X,6,28,14,19,12,12,17,17,3,3,X,14,30,26,13,12,17,22,34,5,4,3,20,58,40,32,24,29,39,51
431440705160039,435,189,246,5,3,4,11,17,14,28,13,22,31,41,X,X,X,5,27,19,30,19,29,33,79,6,5,6,16,44,33,58,32,51,64,120
431440705160040,402,167,235,3,5,6,10,13,17,22,19,23,20,29,5,4,10,14,21,11,27,24,30,31,58,8,9,16,24,34,28,49,43,53,51,87
431440705160041,88,42,46,X,X,0,X,6,4,6,4,5,9,3,X,X,0,X,5,3,5,5,6,9,8,4,X,0,4,11,7,11,9,11,18,11
431440705160042,229,97,132,13,6,3,4,8,8,11,11,12,11,10,10,9,5,14,10,11,11,17,13,19,13,23,15,8,18,18,19,22,28,25,30,23
431440705160043,673,317,356,19,21,11,22,28,29,53,32,46,30,26,17,13,15,22,33,22,57,47,33,50,47,36,34,26,44,61,51,110,79,79,80,73
431440705160044,114,61,53,0,X,3,X,11,13,11,5,4,7,3,4,3,X,X,9,8,6,5,4,8,3,4,5,4,4,20,21,17,10,8,15,6
431440705160045,398,172,226,7,5,3,8,16,20,20,21,24,31,17,7,10,9,10,13,20,21,26,34,35,41,14,15,12,18,29,40,41,47,58,66,58
431440705160046,193,80,113,X,3,8,X,11,12,8,13,8,5,10,X,4,6,5,9,14,13,15,14,13,18,3,7,14,6,20,26,21,28,22,18,28
431440705160047,312,144,168,4,6,7,10,5,8,23,14,31,14,22,7,X,5,10,13,9,21,19,32,16,35,11,7,12,20,18,17,44,33,63,30,57
431440705160048,423,180,243,8,12,5,9,24,12,23,20,20,29,18,6,11,8,12,25,15,20,33,39,30,44,14,23,13,21,49,27,43,53,59,59,62
431440705160049,213,95,118,7,4,4,3,8,9,13,5,18,9,15,4,3,3,7,7,9,7,18,21,18,21,11,7,7,10,15,18,20,23,39,27,36
431440705160050,196,95,101,12,10,9,4,11,10,7,11,10,7,4,10,10,5,9,14,7,13,10,10,7,6,22,20,14,13,25,17,20,21,20,14,10
431440705160052,471,203,268,10,7,12,12,11,12,32,31,27,23,26,9,8,8,13,21,18,34,37,31,38,51,19,15,20,25,32,30,66,68,58,61,77
431440705160053,280,122,158,5,11,9,11,11,11,12,13,13,11,15,5,5,5,12,10,10,16,26,19,27,23,10,16,14,23,21,21,28,39,32,38,38
431440705160054,468,202,266,7,7,8,19,11,9,25,32,29,21,34,5,6,11,12,13,20,26,40,35,40,58,12,13,19,31,24,29,51,72,64,61,92
431440705160055,409,156,253,8,3,4,6,10,12,20,17,29,20,27,3,8,7,5,13,9,21,28,31,42,86,11,11,11,11,23,21,41,45,60,62,113
431440705160056,345,145,200,3,X,5,6,15,15,15,14,20,28,22,4,X,X,13,10,16,19,18,26,41,50,7,3,7,19,25,31,34,32,46,69,72
431440705160057,407,167,240,8,5,4,10,9,9,21,16,20,26,39,3,8,9,5,11,15,27,26,34,42,60,11,13,13,15,20,24,48,42,54,68,99
431440705160058,309,124,185,3,X,4,5,14,9,15,13,11,24,24,4,3,X,6,19,18,16,26,20,34,38,7,5,5,11,33,27,31,39,31,58,62
431440705160059,241,101,140,5,4,3,10,14,13,13,14,12,8,5,3,3,5,7,11,7,19,29,24,19,13,8,7,8,17,25,20,32,43,36,27,18
431440705160060,673,307,366,19,24,20,21,17,19,49,52,33,34,19,17,29,15,26,35,25,60,51,39,34,35,36,53,35,47,52,44,109,103,72,68,54
431440705160061,644,291,353,22,22,24,14,28,32,46,35,24,23,21,18,25,20,27,33,23,48,48,33,42,36,40,47,44,41,61,55,94,83,57,65,57
431440705160062,405,195,210,18,14,13,11,17,9,37,27,23,20,6,18,16,13,7,22,19,34,29,20,21,11,36,30,26,18,39,28,71,56,43,41,17
431440705160063,629,290,339,10,20,14,13,15,14,43,48,45,36,32,18,18,10,20,17,11,57,60,42,46,40,28,38,24,33,32,25,100,108,87,82,72
431440705160064,615,295,320,8,13,15,16,19,14,41,48,37,46,38,12,9,19,26,12,21,28,53,54,35,51,20,22,34,42,31,35,69,101,91,81,89
431440705160065,128,50,78,3,X,0,0,8,12,11,4,5,X,4,X,3,X,5,8,8,6,8,9,13,16,4,5,X,5,16,20,17,12,14,14,20
431440705160066,252,114,138,8,3,3,4,10,7,21,14,9,20,15,5,7,X,3,5,8,18,19,15,14,42,13,10,5,7,15,15,39,33,24,34,57
431440705160067,129,62,67,5,3,X,6,X,X,7,10,8,11,7,4,4,X,3,X,X,10,12,6,10,12,9,7,4,9,4,3,17,22,14,21,19
431440705160068,204,79,125,X,6,X,3,6,5,18,12,13,8,5,5,X,4,6,7,12,15,11,17,18,28,6,8,6,9,13,17,33,23,30,26,33
431440705160069,785,341,444,20,14,13,11,7,24,63,61,35,46,47,23,22,11,15,15,19,75,59,39,71,95,43,36,24,26,22,43,138,120,74,117,142
431440705160070,409,199,210,13,9,10,9,18,13,23,23,23,24,34,6,X,8,8,12,13,19,30,31,42,39,19,11,18,17,30,26,42,53,54,66,73
431440705160071,394,163,231,6,7,5,6,7,12,18,23,18,31,30,8,7,4,11,9,11,27,21,24,33,76,14,14,9,17,16,23,45,44,42,64,106
431440705160072,414,160,254,7,3,7,6,15,6,18,22,21,19,36,8,9,8,11,20,7,16,23,32,35,85,15,12,15,17,35,13,34,45,53,54,121
431440705160073,478,163,315,4,5,7,10,26,17,18,16,18,19,23,5,7,5,14,26,23,30,29,31,46,99,9,12,12,24,52,40,48,45,49,65,122
431440705160074,357,122,235,3,8,X,8,18,8,15,18,11,17,15,8,4,6,10,24,19,29,21,27,29,58,11,12,7,18,42,27,44,39,38,46,73
431440705160075,366,168,198,5,6,7,6,18,16,22,24,22,21,21,0,8,4,X,10,9,28,24,23,32,58,5,14,11,8,28,25,50,48,45,53,79
431440705160076,279,93,186,X,4,X,7,11,10,9,11,12,12,15,3,3,4,6,13,10,12,19,28,35,53,4,7,5,13,24,20,21,30,40,47,68
431440705160077,280,98,182,4,3,6,6,13,13,11,8,3,14,17,4,X,X,7,14,10,15,22,18,35,54,8,4,8,13,27,23,26,30,21,49,71
431440705160078,441,174,267,6,4,6,13,12,14,21,20,22,26,30,4,8,8,11,9,12,24,30,41,49,71,10,12,14,24,21,26,45,50,63,75,101
431440705160079,730,322,408,12,16,13,16,12,17,46,57,46,35,52,11,17,16,17,16,19,50,65,51,72,74,23,33,29,33,28,36,96,122,97,107,126
431440705160080,431,189,242,4,10,4,6,11,11,28,22,30,32,31,7,5,13,11,5,13,22,29,32,36,69,11,15,17,17,16,24,50,51,62,68,100
431440705160081,475,198,277,10,10,8,8,14,13,34,24,26,29,22,7,13,10,8,16,18,24,32,39,47,63,17,23,18,16,30,31,58,56,65,76,85
431440705160082,478,207,271,7,7,13,10,9,17,34,17,23,34,36,7,8,9,9,14,12,31,34,38,48,61,14,15,22,19,23,29,65,51,61,82,97
431440705160083,680,306,374,9,10,12,14,27,15,40,48,37,37,57,9,15,9,11,23,21,44,58,58,57,69,18,25,21,25,50,36,84,106,95,94,126
431440705160084,499,214,285,9,8,12,9,11,18,29,27,33,33,25,7,13,10,7,16,17,36,36,38,48,57,16,21,22,16,27,35,65,63,71,81,82
431440705160085,365,146,219,3,5,7,9,10,7,20,25,20,21,19,7,9,5,9,12,10,17,31,30,43,46,10,14,12,18,22,17,37,56,50,64,65
431440705160086,X,X,X,X,X,X,X,X,X,X,X,X,X,X,X,X,X,X,X,X,X,X,X,X,X,X,X,X,X,X,X,X,X,X,X,X
431440705160087,335,149,186,5,11,9,8,9,11,18,15,16,24,23,3,6,3,9,8,6,19,27,28,35,42,8,17,12,17,17,17,37,42,44,59,65
431440705160088,440,187,253,4,5,16,10,11,16,20,19,34,22,30,9,5,6,9,15,20,23,38,32,27,69,13,10,22,19,26,36,43,57,66,49,99
431440705160089,407,174,233,4,8,10,7,12,13,30,18,25,22,25,9,6,8,8,16,12,30,26,29,42,47,13,14,18,15,28,25,60,44,54,64,72
431440705160090,310,130,180,4,9,7,8,12,12,8,20,16,14,20,5,6,7,9,9,9,18,20,29,28,40,9,15,14,17,21,21,26,40,45,42,60
431440705160091,294,116,178,3,5,3,4,9,5,15,9,10,21,32,5,3,4,X,10,8,10,17,27,41,51,8,8,7,6,19,13,25,26,37,62,83
431440705160092,341,144,197,6,3,4,4,11,14,29,16,21,16,20,3,9,10,8,12,18,25,21,26,29,36,9,12,14,12,23,32,54,37,47,45,56
431440705160093,331,149,182,3,3,6,4,12,16,14,26,15,30,20,3,X,6,11,11,14,15,21,26,27,47,6,4,12,15,23,30,29,47,41,57,67
431440705160094,333,133,200,4,6,6,5,8,20,26,13,17,13,15,5,4,X,X,12,26,25,25,26,27,46,9,10,8,7,20,46,51,38,43,40,61
431440705160095,379,181,198,7,9,8,8,14,8,29,33,17,23,25,7,4,5,10,5,10,24,36,23,32,42,14,13,13,18,19,18,53,69,40,55,67
431440705160096,575,275,300,9,8,18,22,20,11,27,34,49,45,32,6,19,15,17,17,10,25,55,54,51,31,15,27,33,39,37,21,52,89,103,96,63
431440705160097,445,194,251,8,11,X,9,9,11,24,32,27,27,34,5,11,9,10,17,5,32,36,38,30,58,13,22,11,19,26,16,56,68,65,57,92
431440705160099,561,264,297,16,20,18,18,23,18,40,36,33,25,17,15,13,17,19,17,11,38,40,41,45,41,31,33,35,37,40,29,78,76,74,70,58
431440705160100,225,93,132,4,5,14,X,8,5,13,27,12,X,X,4,7,11,3,11,4,24,28,14,13,13,8,12,25,5,19,9,37,55,26,15,14
431440705160101,522,250,272,17,14,9,14,19,12,46,40,31,29,19,13,9,15,13,19,16,35,38,31,38,45,30,23,24,27,38,28,81,78,62,67,64
431440705160104,812,383,429,26,45,34,34,24,35,45,54,38,26,22,31,36,38,28,46,34,69,49,41,35,22,57,81,72,62,70,69,114,103,79,61,44
431440705160105,1316,615,701,64,54,48,62,51,44,84,78,62,44,24,49,55,63,61,71,46,106,75,80,61,34,113,109,111,123,122,90,190,153,142,105,58
431440705160106,90,45,45,5,3,X,4,4,6,7,6,7,X,0,3,3,3,4,X,3,8,7,4,5,3,8,6,5,8,6,9,15,13,11,6,3
431440705160107,507,239,268,17,10,22,13,23,19,29,39,26,29,12,10,14,12,22,18,19,42,35,29,39,28,27,24,34,35,41,38,71,74,55,68,40
431440705160108,260,117,143,4,8,5,5,10,6,19,19,14,21,6,7,5,8,4,12,8,22,18,15,26,18,11,13,13,9,22,14,41,37,29,47,24
431440705160109,349,153,196,6,4,8,7,19,9,22,20,22,22,14,3,5,5,6,12,18,15,23,31,31,47,9,9,13,13,31,27,37,43,53,53,61
431440705160110,126,54,72,X,X,3,X,6,6,8,4,6,8,7,X,4,4,0,10,5,9,7,10,9,13,3,6,7,X,16,11,17,11,16,17,20
431440705160111,255,105,150,3,X,4,6,12,15,24,13,10,6,11,7,3,X,6,16,22,18,14,14,19,29,10,4,6,12,28,37,42,27,24,25,40
431440705160112,299,140,159,3,4,3,4,34,19,21,8,15,17,12,X,3,X,16,32,11,20,17,18,17,22,4,7,5,20,66,30,41,25,33,34,34
431440705160113,249,123,126,X,4,5,X,22,19,12,13,11,20,13,0,5,3,6,16,5,15,16,16,17,27,X,9,8,8,38,24,27,29,27,37,40
431440705160114,351,153,198,4,4,5,13,28,19,15,18,22,13,12,X,7,4,18,25,15,14,32,18,30,34,5,11,9,31,53,34,29,50,40,43,46
431440705160115,471,204,267,7,7,6,12,23,17,32,24,17,31,28,5,13,13,12,21,25,27,25,36,43,47,12,20,19,24,44,42,59,49,53,74,75
431440705160116,381,170,211,4,3,5,11,21,16,19,23,18,25,25,7,3,7,15,17,12,20,26,33,26,45,11,6,12,26,38,28,39,49,51,51,70
431440705160117,334,152,182,6,6,5,6,14,15,21,21,20,15,23,6,6,7,7,12,14,20,20,24,30,36,12,12,12,13,26,29,41,41,44,45,59
431440705160118,127,65,62,0,6,7,5,5,4,4,17,6,7,4,X,X,X,3,4,3,5,11,10,13,8,X,7,9,8,9,7,9,28,16,20,12
431440705160119,565,275,290,6,13,20,12,27,30,43,35,39,26,24,6,11,13,16,8,19,39,37,49,43,49,12,24,33,28,35,49,82,72,88,69,73
431440705160120,921,424,497,21,29,22,28,24,14,44,72,53,55,62,20,19,26,27,26,23,59,82,76,61,78,41,48,48,55,50,37,103,154,129,116,140
431440705160121,174,81,93,7,7,5,7,0,5,8,21,11,9,X,4,9,7,7,6,8,13,24,10,3,X,11,16,12,14,6,13,21,45,21,12,3
431440705160122,220,96,124,6,4,4,X,5,14,14,13,11,19,4,X,6,5,6,8,12,17,12,24,18,14,8,10,9,8,13,26,31,25,35,37,18
431440705160123,201,86,115,7,X,4,3,7,10,31,13,5,X,3,3,5,X,X,13,25,32,16,8,5,4,10,6,6,5,20,35,63,29,13,7,7
431440705160125,372,185,187,13,12,11,10,11,13,29,27,22,25,12,12,10,8,5,9,25,26,23,23,30,16,25,22,19,15,20,38,55,50,45,55,28
431440705160126,253,118,135,13,5,8,11,10,13,11,13,16,9,9,6,6,9,11,12,11,16,23,23,13,5,19,11,17,22,22,24,27,36,39,22,14
431440705160127,377,175,202,7,6,7,15,18,18,28,18,29,14,15,6,9,4,9,18,12,28,25,26,30,35,13,15,11,24,36,30,56,43,55,44,50
431440705160128,386,169,217,6,8,9,7,24,12,30,18,24,17,14,8,15,6,11,21,18,19,29,29,30,31,14,23,15,18,45,30,49,47,53,47,45
431440705160129,95,43,52,X,5,9,5,X,5,7,5,X,X,X,5,6,8,4,3,3,11,6,3,X,X,7,11,17,9,5,8,18,11,4,3,X
431440705160130,350,148,202,14,4,8,4,12,14,36,27,12,11,6,12,11,7,9,15,21,46,35,13,13,20,26,15,15,13,27,35,82,62,25,24,26
431440705160131,450,187,263,9,8,13,10,9,13,39,33,20,16,17,12,8,10,11,13,17,45,46,29,31,41,21,16,23,21,22,30,84,79,49,47,58
431440705160132,8,4,4,0,0,X,0,0,X,X,0,0,0,0,0,0,0,0,0,X,X,0,X,0,0,0,0,X,0,0,3,3,0,X,0,0
431440705160133,32,14,18,0,0,0,X,3,X,8,0,0,X,0,0,0,0,X,6,4,3,0,X,X,X,0,0,0,X,9,5,11,0,X,3,X
431440705160134,710,303,407,12,17,11,11,21,28,49,44,34,40,36,15,10,17,16,20,39,50,62,45,54,79,27,27,28,27,41,67,99,106,79,94,115
431440705160135,90,45,45,X,5,4,4,5,5,3,5,9,3,X,6,X,5,3,3,6,5,8,6,X,X,7,6,9,7,8,11,8,13,15,4,X
431440705160136,265,125,140,3,8,5,7,14,8,21,12,22,9,16,5,7,3,6,11,11,16,17,18,27,19,8,15,8,13,25,19,37,29,40,36,35
431440705180001,592,287,305,10,15,19,25,15,18,33,32,45,38,37,9,17,9,14,26,19,32,46,48,47,38,19,32,28,39,41,37,65,78,93,85,75
431440705180002,154,63,91,X,X,4,7,10,5,9,15,3,5,X,4,5,4,5,8,5,14,18,12,9,7,6,7,8,12,18,10,23,33,15,14,8
431440705180003,142,72,70,X,X,3,9,4,X,6,9,10,13,12,0,X,4,X,5,5,X,14,11,16,9,X,4,7,11,9,7,8,23,21,29,21
431440705180004,175,77,98,X,7,0,6,9,5,19,8,10,7,4,3,5,3,4,9,9,18,12,20,12,3,5,12,3,10,18,14,37,20,30,19,7
431440705180005,629,283,346,7,18,20,17,16,16,26,40,35,54,34,13,12,19,14,23,25,28,43,67,50,52,20,30,39,31,39,41,54,83,102,104,86
431440705180006,192,79,113,3,3,X,5,3,X,10,8,13,10,21,X,4,5,5,5,9,14,9,20,18,23,4,7,6,10,8,11,24,17,33,28,44
431440705180007,565,256,309,9,14,15,18,18,15,39,29,38,37,24,9,12,14,20,15,21,42,46,43,49,38,18,26,29,38,33,36,81,75,81,86,62
431440705180008,176,72,104,X,4,6,3,8,8,9,12,12,6,X,X,5,5,9,8,9,11,20,15,13,7,4,9,11,12,16,17,20,32,27,19,9
431440705180009,178,79,99,4,3,5,7,11,8,11,12,12,5,X,6,7,5,6,10,4,11,21,12,8,9,10,10,10,13,21,12,22,33,24,13,10
431440705180010,520,232,288,10,13,11,10,17,9,27,35,33,31,36,16,11,5,9,16,11,36,39,42,48,55,26,24,16,19,33,20,63,74,75,79,91
431440705180011,286,134,152,4,9,11,10,12,11,18,12,17,15,15,3,8,5,7,6,10,17,17,24,29,26,7,17,16,17,18,21,35,29,41,44,41
431440705180012,559,264,295,11,14,16,12,16,14,31,37,41,42,30,6,21,15,13,12,19,26,38,42,49,54,17,35,31,25,28,33,57,75,83,91,84
431440705180013,438,208,230,7,6,8,13,13,12,27,27,36,37,22,5,5,12,7,15,10,27,26,37,46,40,12,11,20,20,28,22,54,53,73,83,62
431440705180014,509,221,288,6,13,15,7,17,13,30,35,28,27,30,10,12,17,16,23,15,33,34,46,35,47,16,25,32,23,40,28,63,69,74,62,77
431440705180015,735,338,397,14,20,21,24,25,22,44,52,41,42,33,24,25,13,7,30,27,53,43,52,59,64,38,45,34,31,55,49,97,95,93,101,97
431440705180016,663,305,358,11,14,15,23,15,30,38,36,50,37,36,10,12,18,18,19,18,47,41,54,63,58,21,26,33,41,34,48,85,77,104,100,94
431440705180017,709,329,380,18,12,13,16,30,23,38,39,48,57,35,13,17,11,23,22,25,36,51,66,55,61,31,29,24,39,52,48,74,90,114,112,96
431440705180018,560,277,283,16,11,19,19,7,22,38,42,38,43,22,12,7,23,7,15,19,44,40,36,40,40,28,18,42,26,22,41,82,82,74,83,62
431440705180020,975,430,545,20,33,24,29,33,29,68,68,56,40,30,38,44,35,36,30,32,82,65,74,56,53,58,77,59,65,63,61,150,133,130,96,83
431440705180021,781,385,396,14,14,24,27,31,27,43,57,58,50,40,12,26,19,23,19,20,41,58,66,50,62,26,40,43,50,50,47,84,115,124,100,102
431440705180022,353,173,180,4,11,16,13,17,12,19,32,20,15,14,6,16,5,11,14,5,25,35,26,19,18,10,27,21,24,31,17,44,67,46,34,32
431440705180023,511,230,281,11,9,4,13,15,12,40,37,35,32,22,4,7,12,16,22,20,32,30,50,42,46,15,16,16,29,37,32,72,67,85,74,68
431440705180024,96,44,52,X,X,3,X,3,X,4,7,4,9,9,0,0,X,X,6,X,3,9,X,3,25,X,X,5,X,9,3,7,16,6,12,34
431440705180025,808,405,403,18,23,32,34,26,20,67,59,56,37,33,21,23,28,19,29,22,61,63,48,52,37,39,46,60,53,55,42,128,122,104,89,70
431440705180026,450,220,230,10,13,19,18,14,17,20,28,33,26,22,6,7,8,17,13,13,29,30,39,34,34,16,20,27,35,27,30,49,58,72,60,56
431440705180027,154,67,87,3,4,6,7,4,5,9,9,13,4,3,3,4,3,5,3,7,10,19,18,12,3,6,8,9,12,7,12,19,28,31,16,6
431440705180030,592,284,308,8,18,14,17,23,21,40,35,42,46,20,16,8,20,17,14,16,46,39,46,55,31,24,26,34,34,37,37,86,74,88,101,51
431440705180031,630,288,342,23,15,23,31,17,13,53,30,41,25,17,15,16,21,22,36,26,50,37,58,39,22,38,31,44,53,53,39,103,67,99,64,39
431440705180032,696,333,363,22,28,26,25,30,31,40,55,27,31,18,19,24,17,26,39,28,55,46,41,52,16,41,52,43,51,69,59,95,101,68,83,34
431440705180033,902,398,504,37,25,28,39,21,28,67,47,51,38,17,35,36,39,34,40,31,87,51,70,56,25,72,61,67,73,61,59,154,98,121,94,42
431440705180034,701,318,383,30,29,22,26,25,27,41,40,45,25,8,20,30,23,30,32,34,57,40,70,26,21,50,59,45,56,57,61,98,80,115,51,29
431440705180035,737,368,369,31,31,33,33,45,27,44,42,41,33,8,31,23,12,31,44,29,43,54,61,33,8,62,54,45,64,89,56,87,96,102,66,16
431440705180036,930,422,508,28,26,29,41,40,37,45,48,85,37,6,34,33,35,37,47,48,58,72,85,38,21,62,59,64,78,87,85,103,120,170,75,27
431440705180037,628,302,326,24,26,16,15,29,20,36,47,39,31,19,19,22,18,29,21,25,46,40,41,35,30,43,48,34,44,50,45,82,87,80,66,49
431440705180038,718,342,376,17,22,17,19,25,18,53,58,48,37,28,25,20,24,25,22,32,44,52,49,41,42,42,42,41,44,47,50,97,110,97,78,70
431440705180039,764,376,388,27,21,35,20,34,34,44,35,49,48,29,23,29,17,34,29,36,43,34,52,59,32,50,50,52,54,63,70,87,69,101,107,61
431440705180041,480,228,252,15,21,19,12,18,21,28,29,24,26,15,13,13,16,13,16,20,31,29,43,30,28,28,34,35,25,34,41,59,58,67,56,43
431440705180042,745,339,406,28,29,30,29,25,23,48,48,35,24,20,31,26,26,27,33,24,65,65,43,31,35,59,55,56,56,58,47,113,113,78,55,55
431440705180044,383,184,199,11,22,15,17,20,20,21,27,14,14,3,13,11,14,21,17,21,30,34,18,14,6,24,33,29,38,37,41,51,61,32,28,9
431440705180045,532,253,279,23,27,14,28,42,19,31,26,25,14,4,18,19,20,28,29,21,41,44,34,20,5,41,46,34,56,71,40,72,70,59,34,9
431440705180046,505,240,265,21,20,16,21,27,19,32,26,33,18,7,15,19,15,26,28,23,32,46,30,18,13,36,39,31,47,55,42,64,72,63,36,20
431440705180047,376,178,198,15,13,18,15,17,13,27,30,17,11,X,20,17,8,16,18,17,24,33,22,14,9,35,30,26,31,35,30,51,63,39,25,11
431440705180048,577,274,303,21,24,28,21,31,30,30,35,38,13,3,23,28,11,21,27,29,40,55,33,23,13,44,52,39,42,58,59,70,90,71,36,16
431440705180051,717,327,390,18,19,8,18,28,26,45,40,56,30,39,23,17,17,19,17,21,54,43,72,57,50,41,36,25,37,45,47,99,83,128,87,89
431440705180052,686,322,364,23,24,20,26,30,20,40,45,29,45,20,16,18,19,22,32,12,53,47,55,49,41,39,42,39,48,62,32,93,92,84,94,61
431440705180053,1058,498,560,37,33,49,38,31,28,72,88,53,51,18,38,37,45,31,36,42,94,82,74,49,32,75,70,94,69,67,70,166,170,127,100,50
431440705180054,1014,473,541,44,40,25,28,33,39,69,66,55,50,24,31,42,36,32,36,47,70,82,62,54,49,75,82,61,60,69,86,139,148,117,104,73
431440705180055,647,306,341,27,24,18,11,26,27,65,41,36,20,11,38,25,19,15,28,46,74,31,33,18,14,65,49,37,26,54,73,139,72,69,38,25
431440705180056,222,115,107,4,10,7,6,9,9,10,22,19,13,6,X,8,5,7,4,6,19,19,16,12,9,6,18,12,13,13,15,29,41,35,25,15
431440705180057,X,X,X,X,X,X,X,X,X,X,X,X,X,X,X,X,X,X,X,X,X,X,X,X,X,X,X,X,X,X,X,X,X,X,X,X
431440705180058,518,239,279,8,19,21,14,15,13,40,47,30,21,11,19,16,21,17,17,13,54,42,31,29,20,27,35,42,31,32,26,94,89,61,50,31
431440705180059,474,227,247,8,17,12,14,13,15,35,27,34,29,23,11,8,7,21,13,11,33,39,34,38,32,19,25,19,35,26,26,68,66,68,67,55
431440705180060,509,252,257,11,13,15,14,27,12,34,25,49,30,22,8,15,11,10,18,15,36,35,43,38,28,19,28,26,24,45,27,70,60,92,68,50
431440705180061,663,297,366,9,24,14,25,22,20,39,39,33,48,24,15,17,21,21,19,26,44,50,61,50,42,24,41,35,46,41,46,83,89,94,98,66
431440705180063,881,405,476,16,26,23,22,33,25,47,63,59,64,27,16,30,28,17,32,30,58,54,87,74,50,32,56,51,39,65,55,105,117,146,138,77
431440705180065,565,270,295,14,15,8,9,17,17,38,42,42,44,24,6,12,11,15,12,16,43,38,46,61,35,20,27,19,24,29,33,81,80,88,105,59
431440705180066,340,165,175,7,11,5,9,8,8,15,24,22,32,24,5,4,10,7,9,3,19,26,25,38,29,12,15,15,16,17,11,34,50,47,70,53
431440705180067,537,240,297,15,11,10,19,14,13,34,39,30,41,14,11,15,17,15,8,17,44,39,44,52,35,26,26,27,34,22,30,78,78,74,93,49
431440705180070,611,278,333,14,18,11,17,14,16,36,37,37,37,41,23,15,14,16,17,23,37,41,49,56,42,37,33,25,33,31,39,73,78,86,93,83
431440705180071,625,295,330,10,13,17,23,26,23,40,41,31,36,35,14,13,17,13,22,22,39,51,41,50,48,24,26,34,36,48,45,79,92,72,86,83
431440705180073,308,142,166,8,5,8,17,13,10,20,15,19,15,12,7,13,12,15,11,16,23,20,23,12,14,15,18,20,32,24,26,43,35,42,27,26
431440705180074,504,221,283,6,13,7,12,15,10,29,29,30,35,35,7,12,7,10,10,25,33,33,49,41,56,13,25,14,22,25,35,62,62,79,76,91
431440705180075,907,428,479,21,31,25,21,38,33,75,50,61,43,30,24,19,22,28,28,42,84,54,64,39,75,45,50,47,49,66,75,159,104,125,82,105
431440705180076,535,245,290,7,12,13,14,17,14,31,49,36,24,28,14,9,14,16,13,21,25,35,52,39,52,21,21,27,30,30,35,56,84,88,63,80
431440705180077,585,262,323,9,12,15,19,16,8,27,50,27,34,45,8,12,9,14,17,11,31,49,49,52,71,17,24,24,33,33,19,58,99,76,86,116
431440705180078,475,187,288,17,18,16,11,13,18,30,30,18,13,3,20,18,20,16,22,26,44,49,31,29,13,37,36,36,27,35,44,74,79,49,42,16
431440705180079,718,320,398,14,25,21,22,19,26,58,67,35,21,12,25,32,22,15,25,28,51,83,49,38,30,39,57,43,37,44,54,109,150,84,59,42
431440705180080,574,243,331,14,6,13,16,30,22,35,42,31,19,15,19,10,13,13,26,30,46,49,56,38,31,33,16,26,29,56,52,81,91,87,57,46
431440705180081,561,250,311,13,14,9,10,17,33,86,36,9,14,9,16,17,9,19,24,49,78,42,16,26,15,29,31,18,29,41,82,164,78,25,40,24
431440705180082,788,357,431,50,40,41,52,35,14,51,32,27,10,5,30,39,48,42,43,26,72,64,31,25,11,80,79,89,94,78,40,123,96,58,35,16
431440705180083,601,253,348,23,30,36,32,20,22,35,30,18,X,5,32,32,32,35,26,18,68,51,28,14,12,55,62,68,67,46,40,103,81,46,16,17
431440705180084,584,264,320,27,39,28,31,34,20,26,26,21,9,3,24,17,27,34,37,27,48,56,24,17,9,51,56,55,65,71,47,74,82,45,26,12
431440705180085,470,214,256,29,23,18,23,25,12,31,22,15,10,6,16,22,19,26,28,20,44,34,26,16,5,45,45,37,49,53,32,75,56,41,26,11
431440705180086,636,311,325,28,32,22,25,17,26,70,55,18,10,8,26,22,21,15,21,34,90,55,24,9,8,54,54,43,40,38,60,160,110,42,19,16
431440705180087,938,433,505,42,33,18,19,16,43,161,69,22,7,3,49,35,16,14,21,72,184,59,30,15,10,91,68,34,33,37,115,345,128,52,22,13
431440705180088,1090,487,603,47,43,33,25,16,26,148,93,22,21,13,47,39,40,23,24,36,193,111,30,42,18,94,82,73,48,40,62,341,204,52,63,31
431440705180089,419,186,233,19,9,10,8,9,18,62,27,11,8,5,14,12,4,6,22,24,73,27,19,21,11,33,21,14,14,31,42,135,54,30,29,16
431440705180090,593,292,301,24,32,20,17,13,14,73,53,22,18,6,29,29,25,13,10,28,91,41,22,9,4,53,61,45,30,23,42,164,94,44,27,10
431440705180091,192,89,103,X,3,6,7,7,5,7,13,18,12,9,4,X,6,5,6,X,11,18,21,17,11,6,5,12,12,13,7,18,31,39,29,20
431440705180092,244,112,132,3,8,5,X,10,7,12,9,14,17,25,5,4,X,3,9,8,13,15,21,22,31,8,12,6,5,19,15,25,24,35,39,56
431440705180093,463,219,244,9,10,14,23,8,10,32,30,27,37,19,7,9,9,17,11,10,30,34,47,27,43,16,19,23,40,19,20,62,64,74,64,62
431440705180094,442,198,244,7,14,18,13,16,13,27,27,28,24,11,15,16,14,20,18,14,33,35,39,21,19,22,30,32,33,34,27,60,62,67,45,30
431440705180095,306,142,164,8,12,9,7,8,11,22,16,27,17,5,8,5,10,14,17,16,18,23,22,17,14,16,17,19,21,25,27,40,39,49,34,19
431440705180096,274,127,147,9,9,10,7,11,6,20,20,17,12,6,6,14,12,7,12,9,23,19,25,11,9,15,23,22,14,23,15,43,39,42,23,15
431440705180097,835,380,455,36,26,27,22,18,38,97,54,36,18,8,24,36,23,29,20,73,107,57,27,38,21,60,62,50,51,38,111,204,111,63,56,29
431440705180098,652,317,335,19,39,33,32,30,31,40,40,28,20,5,26,18,26,32,39,23,57,48,38,20,8,45,57,59,64,69,54,97,88,66,40,13
431440705180100,501,244,257,13,17,17,16,21,23,30,28,37,27,15,9,19,13,13,20,24,34,27,37,38,23,22,36,30,29,41,47,64,55,74,65,38
431440705180101,679,311,368,16,21,25,17,29,24,41,55,52,21,10,17,22,20,29,29,29,52,59,65,27,19,33,43,45,46,58,53,93,114,117,48,29
431440705180102,135,68,67,4,4,5,9,8,7,9,8,4,4,6,4,3,4,5,5,5,8,8,8,6,11,8,7,9,14,13,12,17,16,12,10,17
431440705180103,347,158,189,5,8,9,12,13,12,23,19,21,24,12,6,12,11,11,12,11,21,24,27,31,23,11,20,20,23,25,23,44,43,48,55,35
431440705180104,200,87,113,3,X,5,8,8,6,12,10,12,17,4,4,4,8,6,18,4,14,14,26,9,6,7,6,13,14,26,10,26,24,38,26,10
431440705180105,568,272,296,16,13,12,16,23,29,33,50,30,35,15,14,20,17,15,25,21,40,36,49,33,26,30,33,29,31,48,50,73,86,79,68,41
431440705180106,614,286,328,24,18,22,28,24,21,44,34,34,23,14,22,25,21,21,27,20,56,36,36,34,30,46,43,43,49,51,41,100,70,70,57,44
431440705180107,572,267,305,14,11,26,28,25,24,19,37,52,20,11,8,16,16,24,21,17,29,63,60,25,26,22,27,42,52,46,41,48,100,112,45,37
431440705180108,146,67,79,6,3,X,5,6,8,7,4,12,9,5,3,X,0,4,4,4,13,9,20,5,16,9,4,X,9,10,12,20,13,32,14,21
431440705180109,930,430,500,50,37,29,18,47,70,109,42,13,11,4,43,35,17,19,57,105,128,49,29,13,5,93,72,46,37,104,175,237,91,42,24,9
431440705180111,294,134,160,16,9,9,3,6,15,46,15,7,4,4,6,10,6,6,21,23,47,14,11,12,4,22,19,15,9,27,38,93,29,18,16,8
431440705180113,691,309,382,36,17,13,13,25,68,77,36,14,7,3,30,28,13,21,32,88,92,36,24,11,7,66,45,26,34,57,156,169,72,38,18,10
431440705180114,783,348,435,37,33,26,18,40,80,81,23,8,X,X,33,42,20,17,49,81,107,56,17,10,3,70,75,46,35,89,161,188,79,25,11,4
431440705180116,537,262,275,12,19,17,20,19,17,39,37,45,27,10,11,16,16,19,19,22,31,49,46,30,16,23,35,33,39,38,39,70,86,91,57,26
431440705180117,178,88,90,8,5,4,5,4,3,14,14,13,7,11,7,12,3,3,X,4,19,11,8,9,12,15,17,7,8,6,7,33,25,21,16,23
431440705180118,271,141,130,6,8,7,6,5,6,21,19,22,22,19,X,6,4,5,10,7,15,23,15,21,22,8,14,11,11,15,13,36,42,37,43,41
431440705180119,47,21,26,0,X,X,0,3,X,4,3,X,4,X,X,4,X,X,X,4,3,3,X,3,X,X,6,3,X,4,6,7,6,X,7,3
431440705180120,1431,670,761,57,46,49,42,59,50,111,99,75,53,29,40,52,52,51,71,60,115,114,99,63,44,97,98,101,93,130,110,226,213,174,116,73
431440705180121,X,X,X,X,X,X,X,X,X,X,X,X,X,X,X,X,X,X,X,X,X,X,X,X,X,X,X,X,X,X,X,X,X,X,X,X
431440705180122,1058,513,545,41,54,55,53,37,39,63,66,51,36,18,37,62,43,37,40,52,75,87,53,36,23,78,116,98,90,77,91,138,153,104,72,41
431440705180123,285,139,146,8,14,13,8,6,9,20,18,22,16,5,6,5,9,7,11,9,20,20,23,26,10,14,19,22,15,17,18,40,38,45,42,15
431440705180124,379,187,192,15,13,14,15,20,19,20,29,22,14,6,9,14,17,18,19,21,25,20,27,13,9,24,27,31,33,39,40,45,49,49,27,15
431440705180125,82,41,41,3,4,X,4,X,4,8,5,8,X,X,3,4,X,4,0,X,10,5,7,3,X,6,8,3,8,X,6,18,10,15,4,3
431440705180126,372,185,187,7,22,20,20,14,16,29,23,19,12,3,12,19,21,9,15,22,32,23,16,12,6,19,41,41,29,29,38,61,46,35,24,9
431440705180127,1019,505,514,40,57,25,33,24,28,146,81,36,22,13,44,48,24,26,28,50,157,75,28,20,14,84,105,49,59,52,78,303,156,64,42,27
431440705180128,86,43,43,3,X,X,8,3,4,6,10,3,3,0,3,X,5,5,X,X,11,8,3,3,0,6,4,6,13,5,5,17,18,6,6,0
431440705180129,607,268,339,10,26,18,13,28,17,41,48,27,28,12,14,21,17,9,36,23,55,52,43,36,33,24,47,35,22,64,40,96,100,70,64,45
431440705180130,566,279,287,27,30,28,25,25,22,35,28,30,22,7,19,18,27,21,21,31,40,44,30,20,16,46,48,55,46,46,53,75,72,60,42,23
431440705190003,841,409,432,16,33,27,32,25,15,66,53,45,59,38,22,23,25,21,23,20,62,60,69,65,42,38,56,52,53,48,35,128,113,114,124,80
431440705190004,532,269,263,14,22,11,15,15,12,33,47,32,40,28,9,7,15,14,16,9,35,45,52,41,20,23,29,26,29,31,21,68,92,84,81,48
431440705190005,356,164,192,4,7,9,8,7,5,11,25,23,27,38,6,5,3,5,8,9,22,29,28,30,47,10,12,12,13,15,14,33,54,51,57,85
431440705190006,381,178,203,9,12,6,6,4,9,22,29,23,38,20,4,8,5,6,11,11,21,32,28,37,40,13,20,11,12,15,20,43,61,51,75,60
431440705190007,413,192,221,10,11,8,6,10,13,34,26,30,16,28,9,15,9,5,12,13,30,27,36,29,36,19,26,17,11,22,26,64,53,66,45,64
431440705190008,572,265,307,10,10,18,15,18,11,28,35,37,49,34,10,14,16,10,15,13,29,41,58,54,47,20,24,34,25,33,24,57,76,95,103,81
431440705190009,403,195,208,9,10,12,8,9,6,28,30,33,29,21,8,7,13,10,7,8,30,22,44,35,24,17,17,25,18,16,14,58,52,77,64,45
431440705190010,342,167,175,9,13,7,5,5,5,27,22,20,29,25,11,10,4,8,5,9,27,26,23,20,32,20,23,11,13,10,14,54,48,43,49,57
431440705190011,380,187,193,5,10,12,9,12,11,22,32,16,34,24,7,8,6,7,8,10,22,32,25,39,29,12,18,18,16,20,21,44,64,41,73,53
431440705190012,603,279,324,17,12,14,22,17,8,30,46,40,37,36,13,13,20,14,11,9,36,61,36,62,49,30,25,34,36,28,17,66,107,76,99,85
431440705190014,437,211,226,7,7,16,9,9,10,24,32,34,31,32,11,6,11,10,7,11,20,33,37,42,38,18,13,27,19,16,21,44,65,71,73,70
431440705190015,557,258,299,11,6,9,11,17,11,29,24,46,51,43,10,16,12,11,12,14,25,38,44,71,46,21,22,21,22,29,25,54,62,90,122,89
431440705190016,626,285,341,8,14,22,20,20,15,30,44,51,35,26,16,14,19,17,24,13,41,61,62,32,42,24,28,41,37,44,28,71,105,113,67,68
431440705190017,457,218,239,13,14,16,12,21,10,25,23,33,35,16,14,11,10,12,17,16,29,33,41,29,27,27,25,26,24,38,26,54,56,74,64,43
431440705190018,498,233,265,14,21,14,14,16,15,27,34,19,42,17,15,15,12,9,13,20,32,41,39,46,23,29,36,26,23,29,35,59,75,58,88,40
431440705190020,568,288,280,16,28,15,19,16,22,52,31,37,31,21,18,22,12,14,20,23,44,36,41,29,21,34,50,27,33,36,45,96,67,78,60,42
431440705190021,909,433,476,25,41,30,40,35,34,56,66,40,48,18,31,28,38,37,40,36,63,69,58,50,26,56,69,68,77,75,70,119,135,98,98,44
431440705190023,514,255,259,20,14,15,19,22,19,30,28,38,33,17,17,11,20,21,23,18,37,33,34,27,18,37,25,35,40,45,37,67,61,72,60,35
431440705190024,623,284,339,22,30,20,15,20,19,59,26,35,17,21,26,22,26,17,18,26,65,35,40,40,24,48,52,46,32,38,45,124,61,75,57,45
431440705190025,495,264,231,15,16,10,22,20,16,30,45,44,26,20,6,13,13,10,13,22,30,40,38,27,19,21,29,23,32,33,38,60,85,82,53,39
431440705190026,444,200,244,19,26,14,8,X,7,34,56,15,12,7,23,34,24,6,5,3,47,56,22,16,8,42,60,38,14,7,10,81,112,37,28,15
431440705190027,357,170,187,16,23,13,12,X,X,20,44,25,8,6,17,25,19,7,3,X,36,45,14,12,8,33,48,32,19,5,X,56,89,39,20,14
431440705190028,287,139,148,14,17,8,4,4,0,29,31,20,7,5,12,14,9,6,6,0,38,28,16,13,6,26,31,17,10,10,0,67,59,36,20,11
431440705190029,286,147,139,20,22,7,8,3,0,31,41,8,5,X,17,16,6,4,3,4,42,28,10,3,6,37,38,13,12,6,4,73,69,18,8,8
431440705190031,556,260,296,23,21,11,16,23,19,30,28,32,34,23,16,20,12,22,18,21,40,30,40,44,33,39,41,23,38,41,40,70,58,72,78,56
431440705190032,63,31,32,X,6,6,X,0,X,4,4,4,X,X,X,X,X,5,X,4,4,3,4,5,X,3,7,7,6,X,5,8,7,8,7,3
431440705190033,346,169,177,9,17,17,10,9,11,21,20,23,21,11,17,12,13,8,7,15,28,17,19,22,19,26,29,30,18,16,26,49,37,42,43,30
431440705190034,281,132,149,12,8,17,8,12,8,11,21,13,13,9,9,13,10,17,11,9,20,15,25,14,6,21,21,27,25,23,17,31,36,38,27,15
431440705190035,195,93,102,8,12,4,X,6,4,14,26,10,6,X,5,6,8,3,5,3,21,24,12,9,6,13,18,12,4,11,7,35,50,22,15,8
431440705190036,1096,548,548,34,43,36,41,29,16,76,115,73,57,28,29,29,31,35,15,21,108,113,82,51,34,63,72,67,76,44,37,184,228,155,108,62
431440705190037,1159,547,612,35,36,27,30,18,44,131,89,61,49,27,33,37,37,23,22,45,136,100,68,62,49,68,73,64,53,40,89,267,189,129,111,76
431440705190038,558,270,288,14,9,20,18,13,13,61,47,33,25,17,16,13,12,16,10,18,57,53,38,29,26,30,22,32,34,23,31,118,100,71,54,43
431440705190039,738,363,375,30,32,23,16,15,15,56,67,46,43,20,24,27,19,20,15,12,65,69,60,39,25,54,59,42,36,30,27,121,136,106,82,45
431440705190040,280,140,140,9,9,12,13,15,11,18,21,14,11,7,10,13,10,7,12,13,20,20,17,7,11,19,22,22,20,27,24,38,41,31,18,18
431440705190042,113,60,53,5,8,5,4,5,3,12,4,5,8,X,4,7,6,7,5,3,10,X,3,6,0,9,15,11,11,10,6,22,6,8,14,X
431440705200001,433,198,235,10,12,9,9,19,11,27,30,25,24,22,6,16,15,11,23,21,26,30,30,33,24,16,28,24,20,42,32,53,60,55,57,46
431440705200002,568,242,326,15,16,16,18,19,7,33,33,27,37,21,13,21,14,14,30,17,47,42,50,37,41,28,37,30,32,49,24,80,75,77,74,62
431440705200003,608,286,322,20,25,20,20,30,16,39,37,29,30,20,22,9,17,20,26,27,35,47,43,37,39,42,34,37,40,56,43,74,84,72,67,59
431440705200004,572,259,313,14,15,19,22,12,17,29,36,30,29,36,16,13,8,16,18,22,33,43,40,40,64,30,28,27,38,30,39,62,79,70,69,100
431440705200005,569,271,298,15,8,18,17,28,26,32,33,39,27,28,8,11,12,18,14,18,40,34,47,47,49,23,19,30,35,42,44,72,67,86,74,77
431440705200007,464,193,271,10,18,3,15,17,29,43,25,13,9,11,6,14,3,17,23,27,48,40,26,38,29,16,32,6,32,40,56,91,65,39,47,40
431440705200008,512,213,299,14,13,12,9,27,23,43,18,24,15,15,8,11,6,17,29,27,53,41,45,30,32,22,24,18,26,56,50,96,59,69,45,47
431440705200009,219,81,138,X,6,5,7,9,10,9,10,14,5,4,X,X,4,8,13,7,12,19,21,17,34,3,8,9,15,22,17,21,29,35,22,38
431440705200010,240,103,137,6,4,X,8,10,15,19,15,11,10,4,5,4,X,6,17,19,16,13,24,16,15,11,8,3,14,27,34,35,28,35,26,19
431440705200011,259,104,155,6,X,3,5,10,8,14,10,19,19,8,3,8,3,5,10,9,17,17,38,32,13,9,10,6,10,20,17,31,27,57,51,21
431440705200012,268,103,165,7,X,4,5,14,17,21,6,8,15,4,7,7,5,7,13,12,27,14,24,23,26,14,9,9,12,27,29,48,20,32,38,30
431440705200013,938,376,562,12,22,22,16,46,47,78,31,47,33,22,18,24,15,14,58,57,80,70,70,74,82,30,46,37,30,104,104,158,101,117,107,104
431440705200014,280,131,149,11,11,13,14,13,12,13,21,11,6,6,8,11,16,19,17,4,21,25,12,13,3,19,22,29,33,30,16,34,46,23,19,9
431440705200015,82,39,43,X,X,5,5,7,X,5,7,X,3,0,3,X,5,6,X,0,8,7,7,3,X,5,4,10,11,8,X,13,14,9,6,X
431440705200016,522,236,286,21,15,18,11,19,18,29,40,25,30,10,21,19,13,24,24,23,33,38,35,36,20,42,34,31,35,43,41,62,78,60,66,30
431440705200017,546,265,281,15,21,16,19,22,26,35,41,26,32,12,21,18,12,19,28,20,38,37,19,43,26,36,39,28,38,50,46,73,78,45,75,38
431440705200018,698,345,353,18,21,25,25,35,23,48,53,35,34,28,29,22,18,13,36,19,34,54,47,44,37,47,43,43,38,71,42,82,107,82,78,65
431440705200019,440,203,237,18,13,14,18,21,16,32,26,15,21,9,14,13,6,24,18,15,36,28,26,33,24,32,26,20,42,39,31,68,54,41,54,33
431440705200020,1043,495,548,45,49,35,36,50,43,57,56,65,45,14,36,38,40,35,55,40,70,57,85,60,32,81,87,75,71,105,83,127,113,150,105,46
431440705200021,517,247,270,22,19,19,23,21,16,31,33,27,27,9,14,16,19,27,10,15,43,36,37,32,21,36,35,38,50,31,31,74,69,64,59,30
431440705200022,717,328,389,20,17,20,21,25,27,44,50,39,38,27,21,31,22,25,29,17,61,54,36,57,36,41,48,42,46,54,44,105,104,75,95,63
431440705200023,656,315,341,23,27,21,18,22,26,49,48,35,30,16,31,21,15,20,31,31,42,52,34,41,23,54,48,36,38,53,57,91,100,69,71,39
431440705200024,557,252,305,20,13,16,16,22,18,27,42,36,24,18,15,15,13,23,15,17,40,43,54,33,37,35,28,29,39,37,35,67,85,90,57,55
431440705200025,X,X,X,X,X,X,X,X,X,X,X,X,X,X,X,X,X,X,X,X,X,X,X,X,X,X,X,X,X,X,X,X,X,X,X,X
431440705200026,468,213,255,12,13,14,11,20,21,36,32,21,26,7,12,18,14,18,24,13,45,31,29,30,21,24,31,28,29,44,34,81,63,50,56,28
431440705200027,884,428,456,30,34,25,39,47,25,43,79,48,35,23,20,22,28,44,36,29,59,67,60,38,53,50,56,53,83,83,54,102,146,108,73,76
431440705200028,735,329,406,25,19,23,21,23,24,30,54,46,35,29,22,25,20,29,40,29,47,60,40,48,46,47,44,43,50,63,53,77,114,86,83,75
431440705200029,536,240,296,12,18,9,19,15,14,33,43,29,26,22,20,11,16,12,31,17,30,45,40,39,35,32,29,25,31,46,31,63,88,69,65,57
431440705200031,793,358,435,12,18,24,28,18,30,44,53,49,52,30,20,30,23,23,25,33,56,61,54,49,61,32,48,47,51,43,63,100,114,103,101,91
431440705200032,737,331,406,16,17,21,19,30,21,46,46,54,36,25,23,24,21,28,19,29,45,51,66,44,56,39,41,42,47,49,50,91,97,120,80,81
431440705200034,601,271,330,12,12,16,18,29,24,37,36,34,30,23,8,23,19,19,19,23,35,38,55,40,51,20,35,35,37,48,47,72,74,89,70,74
431440705200035,276,128,148,10,10,12,10,4,12,14,17,16,16,7,7,8,7,12,12,10,22,19,15,23,13,17,18,19,22,16,22,36,36,31,39,20
431440705200037,251,104,147,5,5,6,9,19,14,18,11,8,8,X,14,6,4,7,16,18,31,19,12,15,5,19,11,10,16,35,32,49,30,20,23,6
431440705200038,352,163,189,18,15,21,21,22,12,12,19,14,8,X,15,15,17,20,22,13,23,30,18,11,5,33,30,38,41,44,25,35,49,32,19,6
431440705200040,424,196,228,8,5,10,7,13,14,33,22,25,33,26,8,13,10,8,17,21,23,27,30,30,41,16,18,20,15,30,35,56,49,55,63,67
431440705200041,601,277,324,18,22,19,16,28,22,51,56,26,15,4,13,20,16,14,31,23,75,62,33,27,10,31,42,35,30,59,45,126,118,59,42,14
431440705200044,364,180,184,4,12,10,15,7,14,17,28,30,23,20,5,14,14,16,11,6,16,43,28,18,13,9,26,24,31,18,20,33,71,58,41,33
431440705200045,447,181,266,9,13,18,9,11,17,28,37,19,11,9,9,17,16,12,14,14,49,61,27,23,24,18,30,34,21,25,31,77,98,46,34,33
431440705200046,748,363,385,27,49,27,18,23,7,26,83,55,32,16,16,43,40,19,22,15,45,91,53,25,16,43,92,67,37,45,22,71,174,108,57,32
431440705200047,412,181,231,10,10,6,9,24,19,51,20,19,8,5,6,12,4,9,18,27,62,41,16,26,10,16,22,10,18,42,46,113,61,35,34,15
431440705200049,386,173,213,18,20,12,5,8,9,45,44,6,4,X,14,8,23,6,7,14,63,44,15,12,7,32,28,35,11,15,23,108,88,21,16,9
431440705200050,710,319,391,29,15,16,6,11,57,132,35,9,6,3,33,11,18,9,25,75,130,47,14,16,13,62,26,34,15,36,132,262,82,23,22,16
431440705200051,131,65,66,6,5,0,X,4,11,19,12,3,X,X,4,X,0,X,4,14,20,9,6,3,3,10,6,0,3,8,25,39,21,9,5,5
431440705200052,151,74,77,8,6,7,X,3,X,13,23,6,4,X,7,5,4,3,X,3,18,22,5,3,5,15,11,11,4,5,4,31,45,11,7,7
431440705200053,1162,540,622,31,22,28,38,47,33,81,96,76,53,35,25,34,41,34,37,29,85,115,99,61,62,56,56,69,72,84,62,166,211,175,114,97
431440705200054,712,357,355,35,38,42,36,25,20,56,41,36,22,6,27,35,34,29,28,36,62,56,25,17,6,62,73,76,65,53,56,118,97,61,39,12
431440705200055,358,169,189,15,10,14,15,14,16,24,19,18,12,12,15,15,10,12,20,21,27,21,18,23,7,30,25,24,27,34,37,51,40,36,35,19
431440705200056,498,236,262,16,18,19,20,19,27,34,33,26,18,6,11,28,16,25,16,24,30,37,36,27,12,27,46,35,45,35,51,64,70,62,45,18
431440705200057,1084,543,541,40,58,55,47,43,40,71,78,52,38,21,44,45,32,36,45,38,87,79,56,44,35,84,103,87,83,88,78,158,157,108,82,56
431440705200061,648,303,345,19,19,16,19,23,18,42,39,38,34,36,19,14,19,16,16,25,40,56,47,54,39,38,33,35,35,39,43,82,95,85,88,75
431440705200062,267,117,150,11,11,4,6,19,30,27,7,X,X,0,8,10,10,7,28,40,27,13,4,3,0,19,21,14,13,47,70,54,20,5,4,0
431440705200063,809,364,445,24,24,43,32,27,34,42,45,32,36,25,32,41,40,26,37,29,63,61,44,44,28,56,65,83,58,64,63,105,106,76,80,53
431440705200064,222,103,119,4,X,X,0,4,21,45,17,7,X,X,10,5,3,4,6,24,34,13,5,12,3,14,6,4,4,10,45,79,30,12,14,4
431440705200065,46,20,26,0,0,0,0,X,3,11,X,X,X,X,X,X,0,X,X,4,10,X,X,X,X,X,X,0,X,3,7,21,4,X,3,3
431440705200066,75,38,37,0,X,0,X,X,13,10,5,X,X,X,X,X,X,X,7,10,9,4,0,X,0,X,3,X,4,9,23,19,9,X,4,X
431440705200067,404,196,208,12,18,22,12,16,7,30,23,25,17,14,14,12,9,11,14,16,26,24,36,26,20,26,30,31,23,30,23,56,47,61,43,34
431440705200068,125,61,64,3,5,8,6,4,3,7,7,9,8,X,6,3,X,3,4,X,8,11,13,10,3,9,8,9,9,8,5,15,18,22,18,4
431440720000001,213,108,105,X,8,6,3,6,10,15,10,15,16,17,4,4,3,3,3,9,11,8,20,19,21,6,12,9,6,9,19,26,18,35,35,38
431440720000003,329,162,167,9,6,9,8,9,12,19,25,23,28,14,8,13,11,7,8,14,21,21,25,18,21,17,19,20,15,17,26,40,46,48,46,35
431440720000004,194,104,90,3,5,9,11,4,5,5,15,18,18,11,0,4,3,7,3,4,10,16,20,10,13,3,9,12,18,7,9,15,31,38,28,24
431440720000005,427,217,210,9,14,10,12,17,12,26,26,34,29,28,17,14,7,10,15,12,33,20,31,29,22,26,28,17,22,32,24,59,46,65,58,50
431440720000006,321,166,155,8,12,7,7,12,5,19,28,28,27,13,6,12,11,7,4,7,24,20,29,22,13,14,24,18,14,16,12,43,48,57,49,26
431440720000007,159,84,75,3,0,7,7,7,4,7,12,11,17,9,X,6,4,10,4,4,13,5,13,7,8,4,6,11,17,11,8,20,17,24,24,17
431440720000008,245,121,124,4,5,6,9,6,6,16,18,13,20,18,X,4,9,6,7,5,17,14,26,19,15,6,9,15,15,13,11,33,32,39,39,33
431440720000009,283,132,151,8,3,7,6,8,10,20,7,26,25,12,5,6,12,9,10,8,21,12,31,22,15,13,9,19,15,18,18,41,19,57,47,27
431440720000010,110,58,52,X,3,7,5,X,X,7,5,9,10,8,X,X,3,3,X,4,5,10,9,6,7,X,5,10,8,3,6,12,15,18,16,15
431440720000011,139,78,61,X,3,4,6,X,3,5,8,14,19,13,X,X,X,X,0,7,5,7,11,15,11,X,5,5,7,X,10,10,15,25,34,24
431440720000012,67,37,30,7,7,4,X,5,3,7,X,X,0,0,8,3,X,X,5,3,3,3,X,0,0,15,10,6,3,10,6,10,4,3,0,0
431440720000013,317,176,141,5,10,6,X,5,12,22,28,39,24,23,6,6,5,9,8,9,14,10,28,20,26,11,16,11,11,13,21,36,38,67,44,49
431440725000001,99,51,48,0,5,3,X,X,X,6,7,5,9,11,X,3,X,X,X,3,8,6,8,6,7,X,8,5,4,3,4,14,13,13,15,18
431440725000002,232,110,122,4,4,3,4,9,7,7,16,22,18,16,X,4,8,9,5,6,15,18,21,17,17,6,8,11,13,14,13,22,34,43,35,33
431440725000003,542,268,274,11,12,9,18,12,20,25,38,58,29,36,12,13,10,17,17,15,29,37,51,32,41,23,25,19,35,29,35,54,75,109,61,77
431440725000004,373,193,180,6,15,6,7,9,9,30,18,29,31,33,12,11,8,7,11,9,25,17,21,30,29,18,26,14,14,20,18,55,35,50,61,62
431440725000005,290,150,140,3,0,6,9,6,10,16,18,34,18,30,3,7,3,3,5,3,15,18,27,26,30,6,7,9,12,11,13,31,36,61,44,60
431440725000007,317,165,152,9,8,9,11,13,5,18,24,21,19,28,7,6,9,5,7,6,18,18,23,20,33,16,14,18,16,20,11,36,42,44,39,61
431440725000008,184,92,92,0,4,X,5,6,5,11,17,11,17,14,3,X,10,7,X,3,9,12,14,17,14,3,5,12,12,8,8,20,29,25,34,28
431440725000009,51,25,26,3,X,X,5,3,X,3,3,3,X,0,3,4,X,X,6,3,X,X,4,0,0,6,5,X,7,9,5,4,5,7,X,0
431440725000011,148,77,71,3,4,6,3,X,3,13,13,10,9,11,4,6,X,X,X,X,12,14,6,12,10,7,10,7,5,4,5,25,27,16,21,21
431440725000012,454,233,221,10,14,15,14,15,9,27,37,37,37,18,10,11,10,12,13,9,33,24,36,41,22,20,25,25,26,28,18,60,61,73,78,40
431440727000001,517,255,262,18,12,21,15,25,13,29,47,29,27,19,17,21,14,21,13,14,41,35,26,29,31,35,33,35,36,38,27,70,82,55,56,50
431440727000002,378,195,183,13,8,18,14,14,10,28,22,31,25,12,10,12,21,7,11,16,21,30,18,21,16,23,20,39,21,25,26,49,52,49,46,28
431440727000004,118,68,50,5,4,5,X,4,4,10,7,9,12,6,6,4,3,X,3,3,5,12,6,4,3,11,8,8,3,7,7,15,19,15,16,9
431440727000006,149,77,72,X,7,7,5,6,X,5,12,19,3,9,4,5,5,5,X,X,11,13,15,3,8,6,12,12,10,8,3,16,25,34,6,17
431440727000008,569,280,289,26,19,28,20,32,18,36,34,32,24,11,24,17,18,26,26,21,47,38,29,24,19,50,36,46,46,58,39,83,72,61,48,30
431440727000009,570,278,292,16,10,20,23,16,19,33,35,40,40,26,14,15,10,25,22,14,36,39,38,45,34,30,25,30,48,38,33,69,74,78,85,60
431440727000010,147,79,68,5,4,6,4,5,7,10,12,11,14,X,11,7,4,X,5,7,7,10,3,9,3,16,11,10,6,10,14,17,22,14,23,4
431440727000011,293,145,148,14,10,10,8,11,7,18,20,23,13,11,6,16,8,8,7,12,18,24,15,18,16,20,26,18,16,18,19,36,44,38,31,27
431440727000012,633,311,322,24,21,18,23,29,22,55,33,44,26,16,28,32,27,19,25,21,51,36,43,25,15,52,53,45,42,54,43,106,69,87,51,31
431440735000001,276,132,144,5,8,8,4,11,19,18,15,20,13,11,10,6,7,9,12,6,15,16,24,27,12,15,14,15,13,23,25,33,31,44,40,23
431440735000002,481,253,228,12,15,13,17,13,9,30,31,46,32,35,15,13,13,10,8,10,34,24,40,31,30,27,28,26,27,21,19,64,55,86,63,65
431440735000003,539,297,242,18,19,18,16,15,15,29,41,55,39,32,5,8,12,14,19,8,33,30,43,39,31,23,27,30,30,34,23,62,71,98,78,63
431440735000004,528,262,266,13,20,12,22,17,21,41,33,43,24,16,19,20,17,21,15,11,36,44,34,25,24,32,40,29,43,32,32,77,77,77,49,40
431440735000005,494,237,257,18,15,15,11,15,11,27,42,26,33,24,19,13,15,8,18,11,35,38,33,34,33,37,28,30,19,33,22,62,80,59,67,57
431440735000006,193,100,93,4,X,X,9,5,3,12,11,19,14,19,5,6,9,6,X,3,8,11,16,16,11,9,8,11,15,7,6,20,22,35,30,30
431440735000007,229,114,115,7,6,3,9,9,4,9,19,14,17,17,3,7,5,8,6,5,13,19,10,21,18,10,13,8,17,15,9,22,38,24,38,35
431440735000008,143,72,71,4,4,7,7,5,5,9,8,7,12,4,X,5,X,5,5,8,6,10,13,12,4,5,9,9,12,10,13,15,18,20,24,8
431440742000003,115,60,55,5,X,4,X,X,5,12,8,11,3,8,X,3,3,5,6,3,8,7,7,5,6,7,4,7,6,8,8,20,15,18,8,14
431440742000004,638,320,318,14,20,20,18,16,22,38,50,49,45,28,19,15,20,16,18,16,46,39,41,48,40,33,35,40,34,34,38,84,89,90,93,68
431440742000005,616,314,302,10,14,20,22,17,12,37,57,39,39,47,11,23,15,14,17,17,46,39,39,38,43,21,37,35,36,34,29,83,96,78,77,90
431440742000008,126,65,61,4,X,4,X,X,5,10,10,12,8,7,3,X,X,3,5,4,8,7,11,7,9,7,3,6,5,7,9,18,17,23,15,16
431440742000009,396,207,189,21,8,10,22,12,12,29,29,31,24,9,11,7,12,7,12,13,28,25,33,22,19,32,15,22,29,24,25,57,54,64,46,28
431440745000001,201,101,100,X,4,6,6,4,8,8,15,19,18,11,3,X,5,5,9,X,6,23,18,12,16,5,6,11,11,13,9,14,38,37,30,27
431440745000005,460,228,232,8,11,10,12,19,14,23,31,34,34,32,17,19,14,10,11,11,26,33,27,35,29,25,30,24,22,30,25,49,64,61,69,61
431440745000006,191,100,91,3,6,3,8,6,9,11,16,12,16,10,X,5,10,6,5,X,13,17,14,10,8,4,11,13,14,11,11,24,33,26,26,18
431440745000007,219,121,98,6,6,8,10,7,7,11,17,21,19,9,5,6,3,3,6,3,15,16,17,10,14,11,12,11,13,13,10,26,33,38,29,23
431440745000008,323,166,157,8,4,13,10,13,10,19,20,23,20,26,6,7,8,8,12,10,15,24,18,21,28,14,11,21,18,25,20,34,44,41,41,54
431440745000009,35,19,16,X,X,X,0,X,3,4,3,4,0,0,3,0,X,X,X,X,0,3,X,0,0,5,X,3,X,3,5,4,6,6,0,0
431440745000010,289,147,142,X,7,8,10,6,4,13,22,31,20,24,3,6,7,10,4,4,18,14,26,25,25,5,13,15,20,10,8,31,36,57,45,49
431440745000011,29,13,16,X,X,X,X,X,0,X,X,0,X,0,X,0,X,X,X,0,X,X,X,X,X,3,X,3,4,3,0,4,4,X,3,X
431440745000012,17,8,9,X,X,X,0,X,X,X,0,0,X,0,X,X,0,X,X,X,X,0,X,X,0,X,X,X,X,X,4,X,0,X,X,0
431440745000013,26,16,10,0,0,X,5,X,0,3,3,0,0,X,0,X,X,X,0,0,4,X,0,0,X,0,X,3,6,X,0,7,4,0,0,4
431440745000014,417,222,195,8,7,11,17,19,11,22,36,38,28,25,10,10,16,11,11,6,22,37,26,26,20,18,17,27,28,30,17,44,73,64,54,45
431440745000015,17,9,8,X,X,0,X,X,X,X,X,0,0,X,X,0,X,0,X,X,X,X,0,X,0,3,X,X,X,3,X,X,X,0,X,X
431440750000001,88,42,46,X,X,X,3,X,X,9,6,9,5,4,X,3,X,X,X,3,8,4,7,6,9,3,4,3,4,X,5,17,10,16,11,13
431440750000002,183,88,95,6,X,3,4,4,5,17,13,14,9,11,6,4,8,8,X,5,18,11,8,15,10,12,6,11,12,6,10,35,24,22,24,21
431440750000007,387,199,188,11,11,11,13,8,8,33,29,24,28,23,6,7,7,12,11,9,19,23,30,32,32,17,18,18,25,19,17,52,52,54,60,55
431440750000008,284,139,145,3,3,8,11,6,9,14,29,24,16,16,8,6,12,12,4,7,16,26,14,22,18,11,9,20,23,10,16,30,55,38,38,34
431440750000009,500,255,245,10,15,10,17,15,17,28,39,47,31,26,13,10,12,14,15,10,23,36,40,31,41,23,25,22,31,30,27,51,75,87,62,67
431440750000010,636,342,294,12,16,17,28,22,16,44,67,45,42,33,12,8,22,19,14,21,37,49,37,37,38,24,24,39,47,36,37,81,116,82,79,71
431440760000001,531,271,260,13,8,15,9,27,17,48,39,47,31,17,9,13,18,19,18,14,32,33,46,33,25,22,21,33,28,45,31,80,72,93,64,42
431440760000005,414,224,190,9,11,13,17,13,13,33,46,30,18,21,5,14,10,14,14,7,28,31,22,18,27,14,25,23,31,27,20,61,77,52,36,48
431440760000006,43,19,24,4,X,0,0,4,X,0,5,X,0,X,X,4,3,3,X,X,6,X,X,X,0,6,6,3,3,5,3,6,6,X,X,X
431440760000007,475,250,225,12,4,14,13,23,13,27,40,47,32,25,9,11,19,7,13,8,22,34,31,37,34,21,15,33,20,36,21,49,74,78,69,59
431440760000008,19,13,6,X,X,X,3,X,X,X,0,0,X,X,0,0,0,0,X,X,X,X,0,X,0,X,X,X,3,X,X,X,X,0,3,X
431440760000009,569,321,248,13,17,23,25,19,20,44,45,56,34,25,11,13,11,20,13,10,29,53,32,29,27,24,30,34,45,32,30,73,98,88,63,52
431440760000010,34,22,12,4,X,3,4,X,X,X,X,X,X,0,0,3,X,0,0,3,0,3,0,0,X,4,5,5,4,X,5,X,4,X,X,X
